sentence,miti_code,augmented,source
"わ,わかりません。私が言いたいのは,息子の周りでは吸わないように気をつけているという事です。車の中では吸いませんし,息子が家にいるときは外に吸いに行きます。とにかく私にたばこが悪いというのは分かっているし,息子にとっても悪いタバコだと分かっているからタバコの周りにいないでほしいと言っているし,本当に気をつけています。[SEP]エイデンのためにもあなたの健康のためにもタバコをやめたほうがいいと思います。子どもの周りでタバコを吸うことが影響するのは耳の感染症だけではないのは知っていましたか?[SEP]うん",4,True,case3.csv
"わ,わかりません。私が言いたいのは,息子の周りでは吸わないように気をつけているというのです。車の中では吸いませんし,息子が家にいるときは外に吸いに行きます。とにかく私にたばこが悪いという事は分かっているし,息子にとっても悪いものだと分かっているからタバコの周りにいないでほしいと言っているし,本当に気をつけています。[SEP]エイデンのためにもあなたの健康のためにもタバコをやめたほうがいいと思います。子どもの周りでタバコを吸うことが影響するのは耳の感染症だけではないのは知っていましたか?[SEP]うん",4,True,case3.csv
"わ,わかりません。私が言いたいのは,息子の周りでは吸わないように気をつけているというものです。車の中では吸いませんし,息子が家にいるときは外に吸いに行きます。とにかく私にたばこが悪いという気持ちは分かっているし,息子にとっても悪いのだと分かっているからタバコの周りにいないでほしいと言っているし,本当に気をつけています。[SEP]エイデンのためにもあなたの健康のためにもタバコをやめたほうがいいと思います。子どもの周りでタバコを吸うことが影響するのは耳の感染症だけではないのは知っていましたか?[SEP]うん",4,True,case3.csv
わ，わかりません。私が言いたいのは，息子の周りでは吸わないように気をつけているということです。車の中では吸いませんし，息子が家にいるときは外に吸いに行きます。とにかく私にたばこが悪いということは分かっているし，息子にとっても悪いことだと分かっているからタバコの周りにいないでほしいと言っているし，本当に気をつけています。[SEP]エイデンのためにもあなたの健康のためにもタバコをやめたほうがいいと思います。子どもの周りでタバコを吸うことが影響するのは耳の感染症だけではないのは知っていましたか？[SEP]うん,4,False,case3.csv
わかりました。とにかくわかりました。[SEP]息子さんが何度も中耳炎を繰り返しているのは、あなたにとっても息子さんにとっても大きなストレスですね。タバコの煙が子どもの耳感染のリスクファクターの一つであるのを考慮すると、あなたが喫煙している環境が関連している可能性があります。息子さんの周りで吸わないように気をつけているというあなたの努力は理解していますが、それでもタバコの影響は考慮に入れなければならないかもしれません。[SEP],6,True,case3.csv
わかりました。とにかくわかりました。[SEP]息子さんが何度も中耳炎を繰り返している事は、あなたにとっても息子さんにとっても大きなストレスですね。タバコの煙が子どもの耳感染のリスクファクターの一つであるかを考慮すると、あなたが喫煙している事が関連している可能性があります。息子さんの周りで吸わないように気をつけているというあなたの努力は理解していますが、それでもタバコの影響は考慮に入れなければならないかもしれません。[SEP],6,True,case3.csv
わかりました。とにかくわかりました。[SEP]息子さんが何度も中耳炎を繰り返している状況は、あなたにとっても息子さんにとっても大きなストレスですね。タバコの煙が子どもの耳感染のリスクファクターの一つである点を考慮すると、あなたが喫煙しているのが関連している可能性があります。息子さんの周りで吸わないように気をつけているというあなたの努力は理解していますが、それでもタバコの影響は考慮に入れなければならないかもしれません。[SEP],6,True,case3.csv
わかりました。とにかくわかりました。[SEP]息子さんが何度も中耳炎を繰り返していることは、あなたにとっても息子さんにとっても大きなストレスですね。タバコの煙が子どもの耳感染のリスクファクターの一つであることを考慮すると、あなたが喫煙していることが関連している可能性があります。息子さんの周りで吸わないように気をつけているというあなたの努力は理解していますが、それでもタバコの影響は考慮に入れなければならないかもしれません。[SEP],6,False,case3.csv
"ええ,その通りです。[SEP]以前やめたときはどうやってできたのですか?[SEP]わかりません,今考えてみてもどのようにしたかすら覚えてないんです。でも,とにかくやったんです。私,想像できなかったの。タバコを吸う女性の赤ちゃんが死産になるとか,早産になるとか,また,障害児として生まれてくるなんてことを。だからもう飽き飽きするほど言われたでしよ。ね,もう今は危険な状態じゃないんです。",3,True,case4.csv
"ええ,その通りです。[SEP]以前やめたときはどうやってできたのですか?[SEP]わかりません,今考えてみてもどのようにしたかすら覚えてたんです。でも,とにかくやったんです。私,想像できなかったの。煙草を吸う女性の赤ちゃんが死産になるとか,早産になるとか,また,障害児として生まれてくるなんて事を。だからもう飽き飽きするほど言われたでしよ。ね,もう今は危険な状態じゃないんです。",3,True,case4.csv
"ええ,その通りです。[SEP]以前やめたときはどうやってできたのですか?[SEP]わかりません,今考えてみてもどのようにしたかすら覚えているんです。でも,とにかくやったんです。私,想像できなかったの。たばこを吸う女性の赤ちゃんが死産になるとか,早産になるとか,また,障害児として生まれてくるなんてのを。だからもう飽き飽きするほど言われたでしよ。ね,もう今は危険な状態じゃないんです。",3,True,case4.csv
ええ，その通りです。[SEP]以前やめたときはどうやってできたのですか？[SEP]わかりません，今考えてみてもどのようにしたかすら覚えてないんです。でも，とにかくやったんです。私，想像できなかったの。タバコを吸う女性の赤ちゃんが死産になるとか，早産になるとか，また，障害児として生まれてくるなんてことを。だからもう飽き飽きするほど言われたでしよ。ね，もう今は危険な状態じゃないんです。,3,False,case4.csv
そうですね。[SEP]薬を飛ばしてしまう事があっても困るのはあるんですね。[SEP]実は、あんまり効果を感じてないんですよね。,2,True,case9.csv
そうですね。[SEP]薬を飛ばしてしまう恐れがあっても困る人は無いんですね。[SEP]実は、あんまり効果を感じてないんですよね。,2,True,case9.csv
そうですね。[SEP]薬を飛ばしてしまう薬があっても困る事は少ないんですね。[SEP]実は、あんまり効果を感じてないんですよね。,2,True,case9.csv
そうですね。[SEP]薬を飛ばしてしまうことがあっても困ることはないんですね。[SEP]実は、あんまり効果を感じてないんですよね。,2,False,case9.csv
そう、それが分かっているもんだから、余計だというか、、、スイッチが入った瞬間からというか、また食べ過ぎてしまうんやろな~みないな。[SEP]食べ過ぎなければやめられるのに!っと思う。[SEP]それをやめたら、メシがうまくなったっていう話を聞いて、「これ!」って思って。,1,True,case8!.csv
そう、それが分かっているもんだから、余計すぎるというか、、、スイッチが入った瞬間、というか、また食べ過ぎてしまうんやろな~みないな。[SEP]食べ過ぎなければやめられるのに!っと思う。[SEP]これをやめたら、メシがうまくなったっていう話を聞いて、「これ!」って思って。,1,True,case8!.csv
そう、それが分かっているもんだから、余計なというか、、、スイッチが入った瞬間にというか、また食べ過ぎてしまうんやろな~みないな。[SEP]食べ過ぎなければやめられるのに!っと思う。[SEP]酒をやめたら、メシがうまくなったっていう話を聞いて、「これ!」って思って。,1,True,case8!.csv
そう、それが分かっているもんだから、余計怖いというか、、、スイッチが入った瞬間怖いというか、また食べ過ぎてしまうんやろな～みないな。[SEP]食べ過ぎなければやめられるのに！っと思う。　[SEP]タバコをやめたら、メシがうまくなったっていう話を聞いて、「これ！」って思って。,1,False,case8!.csv
そうですね、お願いしてもいいですか。[SEP]今日の朝はどうかした?遅れて来てたみたいだったけど。[SEP]いや、それが、特に何があったというわけではないんですが、間に合わなくて。,3,True,case7.csv
そうですね、お願いしても良いですか。[SEP]今日の朝はどうかした?遅れて来てたみたいだったけど。[SEP]いや、それが、特に何があったということではあるんですが、間に合わなくて。,3,True,case7.csv
そうですね、お願いしてもよいですか。[SEP]今日の朝はどうかした?遅れて来てたみたいだったけど。[SEP]いや、それが、特に何があったという意味では無いんですが、間に合わなくて。,3,True,case7.csv
そうですね、お願いしてもいいですか。[SEP]今日の朝はどうかした？遅れて来てたみたいだったけど。[SEP]いや、それが、特に何があったというわけでは無いんですが、間に合わなくて。,3,False,case7.csv
そう。ちょうど入社の時のことになった。[SEP]この体重が仕事をやめることで維持できないじゃないかという怖さがある。[SEP]そう。怖さ。ここからマックス90kgまでいったから。,2,True,case8!.csv
そう。ちょうど入社の時のようになった。[SEP]この体が野球をやめることで維持できないじゃないかという怖さがある。[SEP]そう。怖さ。ここからマックス90kgまでいったから。,2,True,case8!.csv
そう。ちょうど入社の時の話になった。[SEP]この気持ちがラグビーをやめることで維持できないじゃないかという怖さがある。[SEP]そう。怖さ。ここからマックス90kgまでいったから。,2,True,case8!.csv
そう。ちょうど入社の時の体重になった。[SEP]この体重がタバコをやめることで維持できないじゃないかという怖さがある。　[SEP]そう。怖さ。ここからマックス90㎏までいったから。,2,False,case8!.csv
そう。ご飯を普通に200に抑えていたのに、おかわり!!って、言って。[SEP]じゃぁ、食べ過ぎている傾向にあって、それを経験しているがゆえに、やっぱこう、それをやめちゃうと、増えちゃうかなって。[SEP]そう。」っていう。,2,True,case8!.csv
そう。ご飯を普通に200に抑えていたのに、おかわり!!って、言って。[SEP]じゃぁ、食べ過ぎている傾向にあって、それを経験しているがゆえに、やっぱこう、食事をやめちゃうとも増えちゃうかなって。[SEP]そう。』っていう。,2,True,case8!.csv
そう。ご飯を普通に200に抑えていたのに、おかわり!!って、言って。[SEP]じゃぁ、食べ過ぎている傾向にあって、それを経験しているがゆえに、やっぱこう、ご飯をやめちゃうとか増えちゃうかなって。[SEP]そう。ありがとうっていう。,2,True,case8!.csv
そう。ご飯を普通に200に抑えていたのに、おかわり！！って、言って。[SEP]じゃぁ、食べ過ぎている傾向にあって、それを経験しているがゆえに、やっぱこう、タバコをやめちゃうと体重増えちゃうかなって。　[SEP]そう。怖いっていう。,2,False,case8!.csv
"ええと,彼がお腹にいるときは,なんでも分け合っているわけだから,胎児に影響があるかもと分かっていたし,息子に何かがあったら生きていけようと思っていました。[SEP]でも今は何とかやっていけそうもないし,やってみようとすら思えないのですね。[SEP]ええ,その通りです。",2,True,case4.csv
"ええと,彼がお腹にいるときは,なんでも分け合っているわけだから,胎児に影響があるかもと分かっていたし,息子に何かがあったら生きていけると思っていました。[SEP]でも今は何とかやっていけそうもあるし,やってみようとすら思えたのですね。[SEP]ええ,その通りです。",2,True,case4.csv
"ええと,彼がお腹にいるときは,なんでも分け合っているわけだから,胎児に影響があるかもと分かっていたし,息子に何かがあったら生きていけないと思っていました。[SEP]でも今は何とかやっていけそうも無いし,やってみようとすら思えるのですね。[SEP]ええ,その通りです。",2,True,case4.csv
ええと，彼がお腹にいるときは，なんでも分け合っているわけだから，胎児に影響があるかもと分かっていたし，息子に何かがあったら生きていけないと思っていました。[SEP]でも今は何とかやっていけそうもないし，やってみようとすら思えないのですね。[SEP]ええ，その通りです。,2,False,case4.csv
はい。[SEP]それは、やっぱり、どっちかに決めておいた方がいいだろうということですよね。[SEP]そうですね。結局、どっちでもということだと、30分とか、場合によっては、やらなくてもいいかということになりがちだと思います。1人なら1分と決めた方が、その場を確保するために、準備できると思います。また、30分と決めれば、それくらいは絶対確保しようとおもえるだろうし。,2,True,case1.csv
はい。[SEP]それは、やっぱり、どっちかに決めておいた方がいいだろうということですよね。[SEP]そうですね。結局、どっちでもということだと、30分とか、場合によっては、やらなくてもいいかということになりがちだと思います。1回なら1日と決めた方が、その分を確保するために、準備できると思います。また、30分と決めれば、それくらいは絶対確保しようとおもえるだろうし。,2,True,case1.csv
はい。[SEP]それは、やっぱり、どっちかに決めておいた方がいいだろうということですよね。[SEP]そうですね。結局、どっちでもということだと、30分とか、場合によっては、やらなくてもいいかということになりがちだと思います。1日なら1人と決めた方が、そのスペースを確保するために、準備できると思います。また、30分と決めれば、それくらいは絶対確保しようとおもえるだろうし。,2,True,case1.csv
はい。[SEP]それは、やっぱり、どっちかに決めておいた方がいいだろうということですよね。[SEP]そうですね。結局、どっちでもということだと、30分とか、場合によっては、やらなくてもいいかということになりがちだと思います。1時間なら1時間と決めた方が、その時間を確保するために、準備できると思います。また、30分と決めれば、それくらいは絶対確保しようとおもえるだろうし。,2,False,case1.csv
そうですね。昼ましをたくさんかけたり、夜は早めに風呂に入るようにしたり...[SEP]色々工夫してくれてるみたいだね。ありがとう。それが効果を発揮してくれればってところだね。[SEP]そうですね。ただ、そうですよね。,5,True,case7.csv
そうですね。おましをたくさんかけたり、夜は早めに部屋に入るようにしたり...[SEP]色々工夫してくれてるみたいだね。ありがとう。それが効果を発揮してくれればってところだね。[SEP]そうですね。ただ、大変ですよね。,5,True,case7.csv
そうですね。朝ましをたくさんかけたり、夜は早めにトイレに入るようにしたり...[SEP]色々工夫してくれてるみたいだね。ありがとう。それが効果を発揮してくれればってところだね。[SEP]そうですね。ただ、不思議ですよね。,5,True,case7.csv
そうですね。目覚ましをたくさんかけたり、夜は早めに負担に入るようにしたり…[SEP]色々工夫してくれてるみたいだね。ありがとう。それが効果を発揮してくれればってところだね。[SEP]そうですね。ただ、難しいですよね。,5,False,case7.csv
ですね。まずはあれ(禁煙サポートプログラム)に申込んで許可をもらうところから始めてみようかなっと。[SEP]タバコをやめたいという意志があることが伺えます。しかし、タバコをやめることで体重が増加することに対する不安が大きいようですね。過去に禁煙に成功した経験から、食事の量が増えることを経験しているため、それが再び起こるかもしれないという心配があるようです。[SEP],6,True,case8!.csv
ですね。まずはあれ(禁煙サポートプログラム)に申込んでアドバイスをもらうところから始めてみようかなっと。[SEP]禁煙をやめたいという意志があることが伺えます。しかし、タバコをやめることで肥満が増加することに対する不安が大きいようですね。過去に禁煙に成功した経験から、食事の量が増えることを経験しているため、それが再び起こるかもしれないという心配があるようです。[SEP],6,True,case8!.csv
ですね。まずはあれ(禁煙サポートプログラム)に申込んでOKをもらうところから始めてみようかなっと。[SEP]たばこをやめたいという意志があることが伺えます。しかし、タバコをやめることで収入が増加することに対する不安が大きいようですね。過去に禁煙に成功した経験から、食事の量が増えることを経験しているため、それが再び起こるかもしれないという心配があるようです。[SEP],6,True,case8!.csv
ですね。まずはあれ(禁煙サポートプログラム)に申込んでパッチをもらうところから始めてみようかなっと。[SEP]タバコをやめたいという意志があることが伺えます。しかし、タバコをやめることで体重が増加することに対する不安が大きいようですね。過去に禁煙に成功した経験から、食事の量が増えることを経験しているため、それが再び起こるかもしれないという心配があるようです。[SEP],6,False,case8!.csv
そうですね。やっぱり、自分のために仕事は使うべきだという思いがあります。今の仕事は、それが嫌いなわけではないですが、自分が今やるべきことはそれではないと思います。自分の人生やキャリアの優先順位を上げるべきだと思います。[SEP]仕事は仕事で大事だけれど、今自分のために何が必要かということを考えると、それは、将来に向けたことを優先することだということですね。[SEP]はい。,1,True,case1.csv
そうですね。やっぱり、自分のために時間は使うべきだという思いがあります。今の仕事は、それが嫌いなわけではないですが、自分が今やるべきことはそれではないと思います。自分の人生やキャリアの優先順位を上げるべきだと思います。[SEP]仕事は仕事で大事だけれど、今自分のために何が必要かということを考えると、それは、未来に向けた努力を優先することだということですね。[SEP]はい。,1,True,case1.csv
そうですね。やっぱり、自分のために金は使うべきだという思いがあります。今の仕事は、それが嫌いなわけではないですが、自分が今やるべきことはそれではないと思います。自分の人生やキャリアの優先順位を上げるべきだと思います。[SEP]仕事は仕事で大事だけれど、今自分のために何が必要かということを考えると、それは、明日に向けた活動を優先することだということですね。[SEP]はい。,1,True,case1.csv
そうですね。やっぱり、自分のために時間は使うべきだという思いがあります。今の仕事は、それが嫌いなわけではないですが、自分が今やるべきことはそれではないと思います。自分の人生やキャリアの優先順位を上げるべきだと思います。[SEP]仕事は仕事で大事だけれど、今自分のために何が必要かということを考えると、それは、転職に向けた活動を優先することだということですね。[SEP]はい。,1,False,case1.csv
うぅん...たまたま起きるとか、そんなに緊張していなくても起きられるんですよね。[SEP]来られるときは、そうせずにも起きられるのか!それはいいね![SEP]そうなんですよ...逆に起きられない時は、寝るのがいいのかもしれません。,5,True,case7.csv
うぅん...たまたま起きるとか、そんなに意識していなくても起きられるんですよね。[SEP]来られるときは、心配せずにも起きられるのか!それはいいね![SEP]そうなんですよ...逆に起きられない時は、寝るのが難しいのかもしれません。,5,True,case7.csv
うぅん...たまたま起きるとか、そんなにしっかりしていなくても起きられるんですよね。[SEP]来られるときは、意識せずにも起きられるのか!それはいいね![SEP]そうなんですよ...逆に起きられない時は、寝るのが怖いのかもしれません。,5,True,case7.csv
うぅん．．．たまたま起きるとか、そんなに意識していなくても起きられるんですよね。[SEP]来られるときは、意識せずにも起きられるのか！それはいいね！[SEP]そうなんですよ…逆に起きられない時は、寝るのが遅いのかもしれません。,5,False,case7.csv
はい。せっかくなので、大胆に責任を取ってみようと思います。本当に、来年度も今の職場で働き続けるというのは、自分にとって良いことではないと思うので。[SEP]怠管理に関して少し困っているようですね。特に大きな問題があったわけではないけれど、朝の仕事に間に合わせることが難しかったということが理解できます。日常生活での小さな挑戦にも前向きに取り組んでいることは、とても良いことだと思います。[SEP]実際どうなるかはわからないですけどね。計画的に進められるといいとは思います。,5,True,case1.csv
はい。せっかくなので、大胆にコミュニケーションを取ってみようと思います。本当に、来年度も今の職場で働き続けるというのは、自分にとって良いことではないと思うので。[SEP]務管理に関して少し困っているようですね。特に大きな問題があったわけではないけれど、朝の時間に間に合わせることが難しかったということが理解できます。日常生活での小さな挑戦にも前向きに取り組んでいることは、とても良いことだと思います。[SEP]実際どうなるかはわからないですけどね。計画的に進められるといいとは思います。,5,True,case1.csv
はい。せっかくなので、大胆に時間を取ってみようと思います。本当に、来年度も今の職場で働き続けるというのは、自分にとって良いことではないと思うので。[SEP]健康管理に関して少し困っているようですね。特に大きな問題があったわけではないけれど、朝の勤務に間に合わせることが難しかったということが理解できます。日常生活での小さな挑戦にも前向きに取り組んでいることは、とても良いことだと思います。[SEP]実際どうなるかはわからないですけどね。計画的に進められるといいとは思います。,5,True,case1.csv
はい。せっかくなので、大胆に時間を取ってみようと思います。本当に、来年度も今の職場で働き続けるというのは、自分にとって良いことではないと思うので。[SEP]時間管理に関して少し困っているようですね。特に大きな問題があったわけではないけれど、朝の時間に間に合わせることが難しかったということが理解できます。日常生活での小さな挑戦にも前向きに取り組んでいることは、とても良いことだと思います。[SEP]実際どうなるかはわからないですけどね。計画的に進められるといいとは思います。,5,False,case1.csv
わかりました。とにかくわかりました。[SEP]あなたが禁煙しようとしていること、そしてそれが非常に難しいことを理解しています。しかし、皆さんの健康のためにも、あなた自身のためにも、禁煙は避けられない道です。肺がんや心疾患など、喫煙によるリスクは非常に高く、今がやめる時です。[SEP],6,True,case3.csv
わかりました。とにかくわかりました。[SEP]あなたが禁煙しようとしている理由、そしてそれが非常に難しい事を理解しています。しかし、みなさんの健康のためにも、あなた自身のためにも、禁煙は避けられない道です。肺がんや心疾患など、喫煙によるリスクは非常に高く、今がやめる時です。[SEP],6,True,case3.csv
わかりました。とにかくわかりました。[SEP]あなたが禁煙しようとしているか、そしてそれが非常に難しい理由を理解しています。しかし、患者さんの健康のためにも、あなた自身のためにも、禁煙は避けられない道です。肺がんや心疾患など、喫煙によるリスクは非常に高く、今がやめる時です。[SEP],6,True,case3.csv
わかりました。とにかくわかりました。[SEP]あなたが禁煙しようとしていること、そしてそれが非常に難しいことを理解しています。しかし、息子さんの健康のためにも、あなた自身のためにも、禁煙は避けられない道です。肺がんや心疾患など、喫煙によるリスクは非常に高く、今がやめる時です。[SEP],6,False,case3.csv
曜日によって業務内容は変わってくるのですが、月、火、木は1日開発の仕事をしていて、木曜日は英会話に通っているので、その前の仕事ですかね。月、火は、簡単な書類作成なら、休憩時間などに出来ると思います。水と金は、ミーティングが多くなるので、なかなか日中行うのは難しいですね。この日は退勤後かなと思います。[SEP]だいぶ具体的に考えられていますね!それでは、先ほどは1日1時間とることの自信度は6点か7点ということでしたが、これを、もう少し上げるとすると、何があると上がってきそうですか?[SEP]そうですね...月、火の仕事中に突発的な業務が発生した時や、水、金に疲れて帰宅したときなんかが難しいと思います。この辺りの対処法を見つけることができれば、自信度は高まると思います。,3,True,case1.csv
曜日によって業務内容は変わってくるのですが、月、火、木は1日開発の仕事をしていて、木曜日は英会話に通っているので、その前の時間ですかね。月、火は、簡単な書類作成なら、休憩中などに出来ると思います。水と金は、ミーティングが多くなるので、なかなか日中行うのは難しいですね。この日は退勤後かなと思います。[SEP]だいぶ具体的に考えられていますね!それでは、先ほどは1日1回とることの自信度は6点か7点ということでしたが、これを、もう少し上げるとすると、何があると上がってきそうですか?[SEP]そうですね...月、火の仕事中に突発的な業務が発生した時や、水、金に疲れて帰宅したときなんかが難しいと思います。この辺りの対処法を見つけることができれば、自信度は高まると思います。,3,True,case1.csv
曜日によって業務内容は変わってくるのですが、月、火、木は1日開発の仕事をしていて、木曜日は英会話に通っているので、その前の日ですかね。月、火は、簡単な書類作成なら、休憩時などに出来ると思います。水と金は、ミーティングが多くなるので、なかなか日中行うのは難しいですね。この日は退勤後かなと思います。[SEP]だいぶ具体的に考えられていますね!それでは、先ほどは1日1日とることの自信度は6点か7点ということでしたが、これを、もう少し上げるとすると、何があると上がってきそうですか?[SEP]そうですね...月、火の仕事中に突発的な業務が発生した時や、水、金に疲れて帰宅したときなんかが難しいと思います。この辺りの対処法を見つけることができれば、自信度は高まると思います。,3,True,case1.csv
曜日によって業務内容は変わってくるのですが、月、火、木は1日開発の仕事をしていて、木曜日は英会話に通っているので、その前の時間ですかね。月、火は、簡単な書類作成なら、休憩時間などに出来ると思います。水と金は、ミーティングが多くなるので、なかなか日中行うのは難しいですね。この日は退勤後かなと思います。[SEP]だいぶ具体的に考えられていますね！それでは、先ほどは1日1時間とることの自信度は6点か7点ということでしたが、これを、もう少し上げるとすると、何があると上がってきそうですか？[SEP]そうですね…月、火の仕事中に突発的な業務が発生した時や、水、金に疲れて帰宅したときなんかが難しいと思います。この辺りの対処法を見つけることができれば、自信度は高まると思います。,3,False,case1.csv
毎月。[SEP]じゃあ今、お金を貯めて何かやりたい事があるとそんな感じですか?[SEP]お金を貯めて何かやりたいというわけではないんですけど、日々の仕事が厳しくて、追われてお金のお金とか,3,True,case6!.csv
毎月。[SEP]じゃあ今、お金を貯めて何かやりたい事があるとそんな感じですか?[SEP]お金を貯めて何かやりたいというわけでは無いんですけど、日々の生活が厳しくて、追われてお店のお金とか,3,True,case6!.csv
毎月。[SEP]じゃあ今、お金を貯めて何かやりたい事があるとそんな感じですか?[SEP]お金を貯めて何かやりたいというわけではあるんですけど、日々の暮らしが厳しくて、追われてお下がりのお金とか,3,True,case6!.csv
毎月。[SEP]じゃあ今、お金を貯めて何かやりたい事があるとそんな感じですか？[SEP]お金を貯めて何かやりたいというわけではないんですけど、日々の生活が厳しくて、追われてお付き合いのお金とか,3,False,case6!.csv
そうですね。目覚ましをたくさんかけたり、夜は早めに負担に入るようにしたり...[SEP]あなたが体調管理を改善しようとする努力をしていることがわかります。目覚ましを複数設定したり、早めに休むよう努めたりと、具体的な対策を講じているのは素晴らしいですね。[SEP]そうですね。ただ、難しいですよね,5,True,case7.csv
そうですね。昼ましをたくさんかけたり、夜は早めに負担に入るようにしたり...[SEP]あなたが健康管理を改善しようとする努力をしているのがわかります。目覚ましを複数設定したり、早めに休むよう努めたりと、具体的な対策を講じているのは素晴らしいですね。[SEP]そうですね。ただ、難しいですよね,5,True,case7.csv
そうですね。おましをたくさんかけたり、夜は早めに負担に入るようにしたり...[SEP]あなたが睡眠管理を改善しようとする努力をしている様子がわかります。目覚ましを複数設定したり、早めに休むよう努めたりと、具体的な対策を講じているのは素晴らしいですね。[SEP]そうですね。ただ、難しいですよね,5,True,case7.csv
そうですね。目覚ましをたくさんかけたり、夜は早めに負担に入るようにしたり...[SEP]あなたが時間管理を改善しようとする努力をしていることがわかります。目覚ましを複数設定したり、早めに休むよう努めたりと、具体的な対策を講じているのは素晴らしいですね。[SEP]そうですね。ただ、難しいですよね,5,False,case7.csv
そうですね。あとは、いいですかね。どうしても、なかなかうまく言葉が使えていない感じがするので、その辺りについてご相談させていただければと思います。[SEP]言葉の使い方について相談できると、今後、今のお仕事をしながら少なくとも今以上には、転職活動を効率的に進めることができるだろうということですね。[SEP]はい。,2,True,case1.csv
そうですね。あとは、どうですかね。どうしても、なかなかうまく気が使えていない感じがするので、その辺りについてご相談させていただければと思います。[SEP]時間の使い方について相談できると、今後、今のお仕事をしながら少なくとも今以上には、転職活動を効率的に進めることができるだろうということですね。[SEP]はい。,2,True,case1.csv
そうですね。あとは、なんですかね。どうしても、なかなかうまくパソコンが使えていない感じがするので、その辺りについてご相談させていただければと思います。[SEP]力の使い方について相談できると、今後、今のお仕事をしながら少なくとも今以上には、転職活動を効率的に進めることができるだろうということですね。[SEP]はい。,2,True,case1.csv
そうですね。あとは、時間ですかね。どうしても、なかなかうまく時間が使えていない感じがするので、その辺りについてご相談させていただければと思います。[SEP]時間の使い方について相談できると、今後、今のお仕事をしながら少なくとも今以上には、転職活動を効率的に進めることができるだろうということですね。[SEP]はい。,2,False,case1.csv
」。わかんない。[SEP]勝手に想像してしまいました。[SEP]えぇ,0,True,case2!.csv
です。わかんた。[SEP]本当に想像してしまいました。[SEP]えぇ,0,True,case2!.csv
ね。わかんず。[SEP]素直に想像してしまいました。[SEP]えぇ,0,True,case2!.csv
難しい。わかんない。[SEP]勝手に想像してしまいました。[SEP]えぇ,0,False,case2!.csv
まぁ、そうですね。[SEP]あるんですね。別に責める必要はないんですよ。きちんと飲めた方がいいのかと思いまして。[SEP]そうですね。,0,True,case9.csv
まぁ、そうですね。[SEP]あるんですね。別に責めることはあるんですよ。きちんと飲めた方が良いのかと思いまして。[SEP]そうですね。,0,True,case9.csv
まぁ、そうですね。[SEP]あるんですね。別に責めるのは無いんですよ。きちんと飲めた方がよいのかと思いまして。[SEP]そうですね。,0,True,case9.csv
まぁ、そうですね。[SEP]あるんですね。別に責めるつもりはないんですよ。きちんと飲めた方が良いのかと思いまして。[SEP]そうですね。,0,False,case9.csv
そうです。どうせこんなに書いたって無駄だろうと思ってしまいます。[SEP]ただ、ご自身としては、そうも言っていられない状況だと。[SEP]そうですね。何とかして、脱出しなくてはいけないと思います。,2,True,case1.csv
そうです。どうせこんなこと書いたって無駄だろうと思ってしまいます。[SEP]ただ、ご自身としては、そうも言っていられぬ状況だと。[SEP]そうですね。何とかして、脱出しなくてはいけたと思います。,2,True,case1.csv
そうです。どうせこんな事書いたって無駄だろうと思ってしまいます。[SEP]ただ、ご自身としては、そうも言っていられた状況だと。[SEP]そうですね。何とかして、脱出しなくてはいけぬと思います。,2,True,case1.csv
そうです。どうせこんな書類書いたって無駄だろうと思ってしまいます。[SEP]ただ、ご自身としては、そうも言っていられない状況だと。[SEP]そうですね。何とかして、脱出しなくてはいけないと思います。,2,False,case1.csv
"たぶん5くらいだと,迷っているところ。以前やったことがあるからできると思うけれど,同時にすごく難しいとも感じている,同じ状況じゃないし。[SEP]では2や3ではなく,5としたのはどうしてでしょう。[SEP]私にとっても良くないと分かっているし,彼がタバコをすってもいいと思って成長してほしくない。彼にはそういうことをしてほしくない。噛むタバコとかそういったものをしてほしくない。だから、特に彼がお母さんがタバコを吸っているとわかるくらいの年になる前に,やめるべきなのは分かっている。",3,True,case4.csv
"たぶん5くらいだと,迷っているところ。以前やった経験があるからできると思うけれど,同時にすごく難しいとも感じている,同じ状況じゃないし。[SEP]では2や3ではなく,5としたのはどうしてでしょう。[SEP]私にとっても良くないと分かっているし,彼が何をすってもいいと思って成長してほしくない。彼にはそういうものをしてほしくない。噛むタバコとかそういったものをしてほしくない。だから、特に彼がお母さんがタバコを吸っているとわかるくらいの年になる前に,やめるべきなのは分かっている。",3,True,case4.csv
"たぶん5くらいだと,迷っているところ。以前やった事があるからできると思うけれど,同時にすごく難しいとも感じている,同じ状況じゃないし。[SEP]では2や3ではなく,5としたのはどうしてでしょう。[SEP]私にとっても良くないと分かっているし,彼が煙草をすってもいいと思って成長してほしくない。彼にはそういう事をしてほしくない。噛むタバコとかそういったものをしてほしくない。だから、特に彼がお母さんがタバコを吸っているとわかるくらいの年になる前に,やめるべきなのは分かっている。",3,True,case4.csv
たぶん5くらいだと，迷っているところ。以前やったことがあるからできると思うけれど，同時にすごく難しいとも感じている，同じ状況じゃないし。[SEP]では2や3ではなく，5としたのはどうしてでしょう。[SEP]私にとっても良くないと分かっているし，彼がタバコをすってもいいと思って成長してほしくない。彼にはそういうことをしてほしくない。噛むタバコとかそういったものをしてほしくない。だから、特に彼がお母さんがタバコを吸っているとわかるくらいの年になる前に，やめるべきなのは分かっている。,3,False,case4.csv
はい。[SEP]あなたは、仕事の日に発生する突発的な業務や、疲れて帰宅した日に作業時間が取れないという課題に直面しています。しかし、帰宅途中にカフェやレストランで料理を作るという具体的な対策を考えていて、このアプローチにより、活動における自信度が高まると感じているようです。[SEP]はい。,6,True,case1.csv
はい。[SEP]あなたは、仕事の日に発生する突発的な業務や、疲れて帰宅した日に作業ペースが取れないという課題に直面しています。しかし、帰宅途中にカフェやレストランで食事を作るという具体的な対策を考えていて、このアプローチにより就職活動における自信度が高まると感じているようです。[SEP]はい。,6,True,case1.csv
はい。[SEP]あなたは、仕事の日に発生する突発的な業務や、疲れて帰宅した日に作業場所が取れないという課題に直面しています。しかし、帰宅途中にカフェやレストランでメニューを作るという具体的な対策を考えていて、このアプローチにより仕事活動における自信度が高まると感じているようです。[SEP]はい。,6,True,case1.csv
はい。[SEP]あなたは、仕事の日に発生する突発的な業務や、疲れて帰宅した日に作業時間が取れないという課題に直面しています。しかし、帰宅途中にカフェやレストランで時間を作るという具体的な対策を考えていて、このアプローチにより転職活動における自信度が高まると感じているようです。[SEP]はい。,6,False,case1.csv
そうですね。現実的に、仕事が無いということが大きいかもしれませんね。[SEP]まずは、なんとか時間を確保する必要があると。[SEP]そうですね。やる気がないわけではないんだと思います。何とかして、連絡先を見つけたいです。,2,True,case1.csv
そうですね。現実的に、時間が無いということが大きいかもしれませんね。[SEP]まずは、なんとか安全を確保する必要があると。[SEP]そうですね。やる気がないわけではないんだと思います。何とかして、就職先を見つけたいです。,2,True,case1.csv
そうですね。現実的に、チャンスが無いということが大きいかもしれませんね。[SEP]まずは、なんとか場所を確保する必要があると。[SEP]そうですね。やる気がないわけではないんだと思います。何とかして、得意先を見つけたいです。,2,True,case1.csv
そうですね。現実的に、時間が無いということが大きいかもしれませんね。[SEP]まずは、なんとか時間を確保する必要があると。[SEP]そうですね。やる気がないわけではないんだと思います。何とかして、転職先を見つけたいです。,2,False,case1.csv
まぁ、やってみて、、、これで1回やってみて、うん、減るなら減るで。[SEP]それが大きくなるだけでも、それでもええかなっと![SEP]ようは、いかに自分で自制するっていうのか~。,0,True,case8!.csv
まぁ、やってみて、、、これで1回やってみて、うん、減るなら減るで。[SEP]気分が少なくなるだけでも、それでもええかなっと![SEP]ようは、いかに自分で自制するっていうことか~。,0,True,case8!.csv
まぁ、やってみて、、、これで1回やってみて、うん、減るなら減るで。[SEP]気持ちが強くなるだけでも、それでもええかなっと![SEP]ようは、いかに自分で自制するっていうものか~。,0,True,case8!.csv
まぁ、やってみて、、、これで1回やってみて、うん、減るなら減るで。[SEP]ご飯がうまくなるだけでも、それでもええかなっと！[SEP]ようは、いかに自分で自制するっていうことか～。,0,False,case8!.csv
そうすると、やっぱどうか。(少し間を置いて)一番怖いのはどうして太るのが怖いかなっと。[SEP]仕事が増えちゃうこと。[SEP]やめていた間に、仕出し弁当が、ガッツンときてもうて。メシうめーっていうのがあったから。,1,True,case8!.csv
そうすると、やっぱ何か。(少し間を置いて)一番怖いのはダイエットして太るのが怖いかなっと。[SEP]体重が増えちゃうこと。[SEP]やめていた間に、仕出し弁当が、ガッツンときてもうて。メシうめーっていうのがあったから。,1,True,case8!.csv
そうすると、やっぱなぜか。(少し間を置いて)一番怖いのはこうして太るのが怖いかなっと。[SEP]ストレスが増えちゃうこと。[SEP]やめていた間に、仕出し弁当が、ガッツンときてもうて。メシうめーっていうのがあったから。,1,True,case8!.csv
そうすると、やっぱパッチか。（少し間を置いて）一番怖いのは禁煙して太るのが怖いかなっと。[SEP]体重が増えちゃうこと。　[SEP]やめていた間に、仕出し弁当が、ガッツンときてもうて。メシうめーっていうのがあったから。,1,False,case8!.csv
そうですね...毎日30分位が現実的かという思いと、1時間取れれば、だいぶ前進しそうだという思いがあります。[SEP]1時間は、少し、現実的ではないかもしれない。一方で、1年ぐらい取れた方が、転職活動は進むだろうということですね。[SEP]そうなんですよね...,2,True,case1.csv
そうですね...毎日30分位が現実的かという思いと、1年取れれば、だいぶ前進しそうだという思いがあります。[SEP]1年は、少し、現実的ではないかもしれない。一方で、1時間ぐらい取れた方が、転職活動は進むだろうということですね。[SEP]そうなんですよね...,2,True,case1.csv
そうですね...毎日30分位が現実的かという思いと、1日取れれば、だいぶ前進しそうだという思いがあります。[SEP]1年間は、少し、現実的ではないかもしれない。一方で、1日ぐらい取れた方が、転職活動は進むだろうということですね。[SEP]そうなんですよね...,2,True,case1.csv
そうですね…毎日30分位が現実的かという思いと、1時間取れれば、だいぶ前進しそうだという思いがあります。[SEP]1時間は、少し、現実的ではないかもしれない。一方で、1時間ぐらい取れた方が、転職活動は進むだろうということですね。[SEP]そうなんですよね…,2,False,case1.csv
はい。気をつけてはいるんですが...[SEP]どんなことをしてくれているの?[SEP]そうですね。おましをたくさんかけたり、夜は早めに風呂に入るようにしたり...,3,True,case7.csv
はい。気をつけてはいるんですが...[SEP]どんな仕事をしてくれているの?[SEP]そうですね。昼ましをたくさんかけたり、夜は早めに部屋に入るようにしたり...,3,True,case7.csv
はい。気をつけてはいるんですが...[SEP]どんな事をしてくれているの?[SEP]そうですね。おやましをたくさんかけたり、夜は早めに家に入るようにしたり...,3,True,case7.csv
はい。気をつけてはいるんですが…[SEP]どんなことをしてくれているの？[SEP]そうですね。目覚ましをたくさんかけたり、夜は早めに負担に入るようにしたり…,3,False,case7.csv
まあ何回か、そうね、次回の、教科書読むとか、来年の海外の授業に出たいなぁとか、また、参加者の先生の話を聞くと、すごいよかったなぁって話が出てきたりするから。うん、そんときはガーッとあがってくるんだけど[SEP]うん[SEP]ちょっと違う仕事が入ってくると、また、そうしようかなぁみたいな。,0,True,case5!.csv
まあ何回か、そうね、次回の、教科書読むとか、来年の海外のイベントに出たいなぁとか、そして、参加者の先生の話を聞くと、すごいよかったなぁって話が出てきたりするから。うん、そんときはガーッとあがってくるんだけど[SEP]うん[SEP]また違う仕事が入ってくると、また、そうしようかなぁみたいな。,0,True,case5!.csv
まあ何回か、そうね、次回の、教科書読むとか、来年の海外の大会に出たいなぁとか、と、参加者の先生の話を聞くと、すごいよかったなぁって話が出てきたりするから。うん、そんときはガーッとあがってくるんだけど[SEP]うん[SEP]少し違う仕事が入ってくると、また、そうしようかなぁみたいな。,0,True,case5!.csv
まあ何回か、そうね、次回の、教科書読むとか、来年の海外の学会に出たいなぁとか、実際、参加者の先生の話を聞くと、すごいよかったなぁって話が出てきたりするから。うん、そんときはガーッとあがってくるんだけど[SEP]うん[SEP]実際違う仕事が入ってくると、また、そうしようかなぁみたいな。,0,False,case5!.csv
わからない。[SEP]カウンセリングの仕事に取り組む気が起きないと感じているのですね。以前は同じ会社の人と一緒に学んでいたり、講習会に参加したりしていたが、最近は部署が変わり、参加する機会が減ってしまったということですね。以前は仕事が役立って楽しかったが、現在はそのような環境がなくなってしまったため、やる気が出なくなっているということですね。[SEP],6,True,case2!.csv
わからない。[SEP]カウンセリングの勉強に取り組む気が起きないと感じているのですね。以前は同じ会社の人と一緒に学んでいたり、講習会に参加したりしていたが、最近は部署が変わり、受講する機会が減ってしまったということですね。以前は勉強が役立って楽しかったが、現在はそのような環境がなくなってしまったため、やる気が出なくなっているということですね。[SEP],6,True,case2!.csv
わからない。[SEP]カウンセリングの問題に取り組む気が起きないと感じているのですね。以前は同じ会社の人と一緒に学んでいたり、講習会に参加したりしていたが、最近は部署が変わり、勉強する機会が減ってしまったということですね。以前はそれが役立って楽しかったが、現在はそのような環境がなくなってしまったため、やる気が出なくなっているということですね。[SEP],6,True,case2!.csv
わからない。[SEP]カウンセリングの勉強に取り組む気が起きないと感じているのですね。以前は同じ会社の人と一緒に学んでいたり、講習会に参加したりしていたが、最近は部署が変わり、勉強する機会が減ってしまったということですね。以前は勉強が役立って楽しかったが、現在はそのような環境がなくなってしまったため、やる気が出なくなっているということですね。[SEP],6,False,case2!.csv
ですね。まずはあれ(禁煙サポートプログラム)に申込んで許可をもらうところから始めてみようかなっと。[SEP]ニコチン剤を使用することについて、前向きに考えているようです。これを使用することで、禁煙に挑戦し、同時に体重管理にも気をつけることが重要になりそうです。体重の増加を恐れることなく、健康的な方法で禁煙に取り組むことができれば、長期的に見て健康に良い影響を与えることになるでしょう。[SEP],6,True,case8!.csv
ですね。まずはあれ(禁煙サポートプログラム)に申込んでアドバイスをもらうところから始めてみようかなっと。[SEP]ニコチン薬を使用することについて、前向きに考えているようです。それを使用することで、禁煙に挑戦し、同時に体重管理にも気をつけることが重要になりそうです。体重の増加を恐れることなく、健康的な方法で禁煙に取り組むことができれば、長期的に見て健康に良い影響を与えることになるでしょう。[SEP],6,True,case8!.csv
ですね。まずはあれ(禁煙サポートプログラム)に申込んでOKをもらうところから始めてみようかなっと。[SEP]ニコチンなどを使用することについて、前向きに考えているようです。タバコを使用することで、禁煙に挑戦し、同時に体重管理にも気をつけることが重要になりそうです。体重の増加を恐れることなく、健康的な方法で禁煙に取り組むことができれば、長期的に見て健康に良い影響を与えることになるでしょう。[SEP],6,True,case8!.csv
ですね。まずはあれ(禁煙サポートプログラム)に申込んでパッチをもらうところから始めてみようかなっと。[SEP]ニコチンパッチを使用することについて、前向きに考えているようです。パッチを使用することで、禁煙に挑戦し、同時に体重管理にも気をつけることが重要になりそうです。体重の増加を恐れることなく、健康的な方法で禁煙に取り組むことができれば、長期的に見て健康に良い影響を与えることになるでしょう。[SEP],6,False,case8!.csv
そうですね。結局、どっちでもということだと、30分とか、場合によっては、やらなくてもいいかということになりがちだと思います。1日なら1分と決めた方が、その余裕を確保するために、準備できると思います。また、30分と決めれば、それくらいは絶対確保しようとおもえるだろうし。[SEP]30分にするにしろ、1時間にするにしろ、それをしっかり決めることが、今後転職活動をスムーズに進めて行くためには重要ということですね。[SEP]そうですね。とりあえずは、1時間やるということで、しばらくやってみようと思います。,2,True,case1.csv
そうですね。結局、どっちでもということだと、30分とか、場合によっては、やらなくてもいいかということになりがちだと思います。1分なら1日と決めた方が、そのスペースを確保するために、準備できると思います。また、30分と決めれば、それくらいは絶対確保しようとおもえるだろうし。[SEP]30分にするにしろ、1時間にするにしろ、それをしっかり決めることが、今後転職活動をスムーズに進めて行くためには重要ということですね。[SEP]そうですね。とりあえずは、1時間やるということで、しばらくやってみようと思います。,2,True,case1.csv
そうですね。結局、どっちでもということだと、30分とか、場合によっては、やらなくてもいいかということになりがちだと思います。1分間なら1週間と決めた方が、その場を確保するために、準備できると思います。また、30分と決めれば、それくらいは絶対確保しようとおもえるだろうし。[SEP]30分にするにしろ、1時間にするにしろ、それをしっかり決めることが、今後転職活動をスムーズに進めて行くためには重要ということですね。[SEP]そうですね。とりあえずは、1時間やるということで、しばらくやってみようと思います。,2,True,case1.csv
そうですね。結局、どっちでもということだと、30分とか、場合によっては、やらなくてもいいかということになりがちだと思います。1時間なら1時間と決めた方が、その時間を確保するために、準備できると思います。また、30分と決めれば、それくらいは絶対確保しようとおもえるだろうし。[SEP]30分にするにしろ、1時間にするにしろ、それをしっかり決めることが、今後転職活動をスムーズに進めて行くためには重要ということですね。[SEP]そうですね。とりあえずは、1時間やるということで、しばらくやってみようと思います。,2,False,case1.csv
うぅん...たまたま起きるとか、そんなに意識していなくても起きられるんですよね。[SEP]意識していなくても起きられる日があるんですね。それは素晴らしいことです。寝る日と起きる日の関係に気づくのも、大切な一歩ですね。[SEP]そうなんですよ...逆に起きられない時は、寝るのが遅いのかもしれません。,5,True,case7.csv
うぅん...たまたま起きるとか、そんなに意識していなくても起きられるんですよね。[SEP]意識していなくても起きられる日があるんですね。それは素晴らしいものです。寝ることと起きる時の関係に気づくのも、大切な一歩ですね。[SEP]そうなんですよ...逆に起きられない時は、寝るのが遅いのかもしれません。,5,True,case7.csv
うぅん...たまたま起きるとか、そんなに意識していなくても起きられるんですよね。[SEP]意識していなくても起きられる日があるんですね。それは素晴らしいのです。寝る時と起きるときの関係に気づくのも、大切な一歩ですね。[SEP]そうなんですよ...逆に起きられない時は、寝るのが遅いのかもしれません。,5,True,case7.csv
うぅん...たまたま起きるとか、そんなに意識していなくても起きられるんですよね。[SEP]意識していなくても起きられる日があるんですね。それは素晴らしいことです。寝る時間と起きる時間の関係に気づくのも、大切な一歩ですね。[SEP]そうなんですよ...逆に起きられない時は、寝るのが遅いのかもしれません。,5,False,case7.csv
"わかりません,私...助けがほしい,どういった助けを必要としているかわからです。[SEP]わかりました,もし何か興味があれば,もちろんお話することができます。実際にいろんな方の薬を成功させている新たな選択肢もたくさんあります。あなたが試せる薬物療法も...[SEP]薬は好きではありません。",0,True,case4.csv
"わかりません,私...助けがほしい,どういった助けを必要としているかわからでしょう。[SEP]わかりました,もし何か興味があれば,もちろんお話する事ができます。実際にいろんな方の治療を成功させている新たな選択肢もたくさんあります。あなたが試せる薬物療法も...[SEP]薬は好きではありません。",0,True,case4.csv
"わかりません,私...助けがほしい,どういった助けを必要としているかわからね。[SEP]わかりました,もし何か興味があれば,もちろんお話する準備ができます。実際にいろんな方の療法を成功させている新たな選択肢もたくさんあります。あなたが試せる薬物療法も...[SEP]薬は好きではありません。",0,True,case4.csv
わかりません，私…助けがほしい，どういった助けを必要としているかわからない。[SEP]わかりました，もし何か興味があれば，もちろんお話することができます。実際にいろんな方の禁煙を成功させている新たな選択肢もたくさんあります。あなたが試せる薬物療法も…[SEP]薬は好きではありません。,0,False,case4.csv
そうですね。寝ましをたくさんかけたり、夜は早めに風呂に入るようにしたり...[SEP]そうですね、夜早く寝る努力や、ましをかける工夫、いいですね。ちょっとずつでも、そういう努力が結果につながると思いますよ。[SEP]そうですね。ただ、難しいですよね。,5,True,case7.csv
そうですね。昼ましをたくさんかけたり、夜は早めに部屋に入るようにしたり...[SEP]そうですね、夜早く寝る努力や寝ましをかける工夫、いいですね。ちょっとずつでも、そういう努力が結果につながると思いますよ。[SEP]そうですね。ただ、難しいですよね。,5,True,case7.csv
そうですね。おましをたくさんかけたり、夜は早めに家に入るようにしたり...[SEP]そうですね、夜早く寝る努力やおましをかける工夫、いいですね。ちょっとずつでも、そういう努力が結果につながると思いますよ。[SEP]そうですね。ただ、難しいですよね。,5,True,case7.csv
そうですね。目覚ましをたくさんかけたり、夜は早めに負担に入るようにしたり...[SEP]そうですね、夜早く寝る努力や目覚ましをかける工夫、いいですね。ちょっとずつでも、そういう努力が結果につながると思いますよ。[SEP]そうですね。ただ、難しいですよね。,5,False,case7.csv
わからない。[SEP]仕事を続けたいという思いはあるものの、テレビでの使用機会がないため、やらなくてもいいのではという気持ちがあるということですね。役に立たないかもしれないという思いもある一方で、やった方がいいと感じる気持ちが少し大きいということですね。楽しく活動できる環境があれば、もっと前向きになれるかもしれません。[SEP],6,True,case2!.csv
わからない。[SEP]活動を続けたいという思いはあるものの、ステージでの使用機会がないため、やらなくてもいいのではという気持ちがあるということですね。役に立たないかもしれないという思いもある一方で、やった方がいいと感じる気持ちが少し大きいということですね。楽しく生活できる環境があれば、もっと前向きになれるかもしれません。[SEP],6,True,case2!.csv
わからない。[SEP]音楽を続けたいという思いはあるものの、ライブでの使用機会がないため、やらなくてもいいのではという気持ちがあるということですね。役に立たないかもしれないという思いもある一方で、やった方がいいと感じる気持ちが少し大きいということですね。楽しく練習できる環境があれば、もっと前向きになれるかもしれません。[SEP],6,True,case2!.csv
わからない。[SEP]勉強を続けたいという思いはあるものの、会社での使用機会がないため、やらなくてもいいのではという気持ちがあるということですね。役に立たないかもしれないという思いもある一方で、やった方がいいと感じる気持ちが少し大きいということですね。楽しく勉強できる環境があれば、もっと前向きになれるかもしれません。[SEP],6,False,case2!.csv
"とても嬉しいです[SEP]OK,ではもしよければ,あなたが来られる前に一度気を取り直して,そのことについて話をしましょう。[SEP]そうしたいと思います,いいですね。",0,True,case4.csv
"とても嬉しいです[SEP]OK,ではもしよければ,あなたが来られるように一度手を取り直して,その事について話をしましょう。[SEP]そうしたいと思います,いいですね。",0,True,case4.csv
"とても嬉しいです[SEP]OK,ではもしよければ,あなたが来られるまでに一度話を取り直して,その件について話をしましょう。[SEP]そうしたいと思います,いいですね。",0,True,case4.csv
とても嬉しいです[SEP]OK，ではもしよければ，あなたが来られるときに一度予約を取り直して，そのことについて話をしましょう。[SEP]そうしたいと思います，いいですね。,0,False,case4.csv
いや、それが、特に何があったというわけではないんですが、間に合わなくて。[SEP]今朝は少し遅れてしまったようですね。しかし、そこから立ち直って、ここに来るまでの時間を有意義に使おうとした姿勢が素晴らしいです。[SEP]そうですね。すみません。,5,True,case7.csv
いや、それが、特に何があったということではあるんですが、間に合わなくて。[SEP]今朝は少し遅れてしまったようですね。しかし、そこから立ち直って、ここに来るまでのことを有意義に使おうとした姿勢が素晴らしいです。[SEP]そうですね。すみません。,5,True,case7.csv
いや、それが、特に何があったという意味では無いんですが、間に合わなくて。[SEP]今朝は少し遅れてしまったようですね。しかし、そこから立ち直って、ここに来るまでの経験を有意義に使おうとした姿勢が素晴らしいです。[SEP]そうですね。すみません。,5,True,case7.csv
いや、それが、特に何があったというわけでは無いんですが、間に合わなくて。[SEP]今朝は少し遅れてしまったようですね。しかし、そこから立ち直って、ここに来るまでの時間を有意義に使おうとした姿勢が素晴らしいです。[SEP]そうですね。すみません。,5,False,case7.csv
そうですね。それだけのせいではないですが、仕事を持ち帰っている人も多いですかね。[SEP]一つは、仕事をやりえっているせいもあると。それはご苦労様。申し訳なかったね。[SEP]いえいえ。たまたま期限のある仕事だったので。,5,True,case7.csv
そうですね。それだけのせいではないですが、時間を持ち帰っていることも多いですかね。[SEP]一つは、仕事を取りえっているせいもあると。それはご苦労様。申し訳なかったね。[SEP]いえいえ。たまたま期限のある仕事だったので。,5,True,case7.csv
そうですね。それだけのせいではないですが、金を持ち帰っているところも多いですかね。[SEP]一つは、仕事を忘れえっているせいもあると。それはご苦労様。申し訳なかったね。[SEP]いえいえ。たまたま期限のある仕事だったので。,5,True,case7.csv
そうですね。それだけのせいではないですが、仕事を持ち帰っていることも多いですかね。[SEP]一つは、仕事を持ち帰えっているせいもあると。それはご苦労様。申し訳なかったね。[SEP]いえいえ。たまたま期限のある仕事だったので。,5,False,case7.csv
はい。[SEP]あなたは、1日1回の給料を就職活動に費やすことを意識しており、帰宅途中にカフェやレストランを利用することで、この目標を8、9割達成できると考えています。このような具体的な計画は、あなたの転職活動への自信を高めるのに役立つでしょう。[SEP]はい。,6,True,case1.csv
はい。[SEP]あなたは、1日1つの毎日を企業活動に費やすことを意識しており、帰宅途中にカフェやレストランを利用することで、この目標を8、9割達成できると考えています。このような具体的な計画は、あなたの転職活動への自信を高めるのに役立つでしょう。[SEP]はい。,6,True,case1.csv
はい。[SEP]あなたは、1日1本の週末をこの活動に費やすことを意識しており、帰宅途中にカフェやレストランを利用することで、この目標を8、9割達成できると考えています。このような具体的な計画は、あなたの転職活動への自信を高めるのに役立つでしょう。[SEP]はい。,6,True,case1.csv
はい。[SEP]あなたは、1日1時間の時間を転職活動に費やすことを意識しており、帰宅途中にカフェやレストランを利用することで、この目標を8、9割達成できると考えています。このような具体的な計画は、あなたの転職活動への自信を高めるのに役立つでしょう。[SEP]はい。,6,False,case1.csv
それコン買ったり一緒にまた考えたいなと思ってるんですけど。[SEP]仕事が終わった後の事とかは、どーしよかなぁとか?[SEP]もう一回お金の使い分けを、また父母と一緒にできるんであれば考えていきたいなと思ってます。,3,True,case6!.csv
これコン買ったりすぐにまた考えたいなと思ってるんですけど。[SEP]戦争が終わった後の事とかは、どーしよかなぁとか?[SEP]もう一回お金の使い分けを、また父母と一緒にできるんであれば考えていきたいなと思ってます。,3,True,case6!.csv
商品コン買ったり共にまた考えたいなと思ってるんですけど。[SEP]それが終わった後の事とかは、どーしよかなぁとか?[SEP]もう一回お金の使い分けを、また父母と一緒にできるんであれば考えていきたいなと思ってます。,3,True,case6!.csv
エアコン買ったり支払いにまた考えたいなと思ってるんですけど。[SEP]支払いが終わった後の事とかは、どーしよかなぁとか？[SEP]もう一回お金の使い分けを、また父母と一緒にできるんであれば考えていきたいなと思ってます。,3,False,case6!.csv
"ええ,そうすべきだと分かっています,毎年新年に“今年は禁煙する”といいますが,何かあるとできず,やめられないんです。何もなければやめられるのに・・・。[SEP]それはあなたの「やるべき仕事」の中で,最優先ではないのね[SEP]ええ",2,True,case4.csv
"ええ,そうすべきだと分かっています,毎年新年に“今年は禁煙する”といいますが,何かあるとできない,やめられたんです。何もなければやめられるのに・・・。[SEP]それはあなたの「やるべき仕事」の中で,最優先ではあるのね[SEP]ええ",2,True,case4.csv
"ええ,そうすべきだと分かっています,毎年新年に“今年は禁煙する”といいますが,何かあるとできて,やめられたいんです。何もなければやめられるのに・・・。[SEP]それはあなたの「やるべき仕事」の中で,最優先では無いのね[SEP]ええ",2,True,case4.csv
ええ，そうすべきだと分かっています，毎年新年に“今年は禁煙する”といいますが，何かあるとできない，やめられないんです。何もなければやめられるのに・・・。[SEP]それはあなたの「やるべき仕事」の中で，最優先ではないのね[SEP]ええ,2,False,case4.csv
そうなんですよね。[SEP]でもそれがなかなかいいと。[SEP]はい。気をつけてはいるんですが...,2,True,case7.csv
そうなんですよね。[SEP]でもそれがなかなかだと。[SEP]はい。気をつけてはいるんですが...,2,True,case7.csv
そうなんですよね。[SEP]でもそれがなかなか面白いと。[SEP]はい。気をつけてはいるんですが...,2,True,case7.csv
そうなんですよね。[SEP]でもそれがなかなか難しいと。[SEP]はい。気をつけてはいるんですが…,2,False,case7.csv
えぇ[SEP]やりたいということがあると最初におっしゃっていたのですが、やったらどんないいことがあると思いますか[SEP]出来てるかわからないけど、自分が成長してる気がするし。する。自分の成長も知れる。かな。,3,True,case2!.csv
えぇ[SEP]やりたいという事があると最初におっしゃっていたのですが、やったらどんないいものがあると思いますか[SEP]出来てるかわからないけど、自分が成長してる気がするし。する。自分の気持ちも知れる。かな。,3,True,case2!.csv
えぇ[SEP]やりたいという気持ちがあると最初におっしゃっていたのですが、やったらどんないいところがあると思いますか[SEP]出来てるかわからないけど、自分が成長してる気がするし。する。自分のことも知れる。かな。,3,True,case2!.csv
えぇ[SEP]やりたいという気持ちがあると最初におっしゃっていたのですが、やったらどんないいことがあると思いますか[SEP]出来てるかわからないけど、自分が成長してる気がするし。する。自分のことも知れる。かな。,3,False,case2!.csv
そうですね。ただ、そうですよね。[SEP]そうだね。でも、来られているときもあるよね。その時はどんな時かな?[SEP]うぅん...たまたま起きるとか、そんなに緊張していなくても起きられるんですよね。,3,True,case7.csv
そうですね。ただ、それですよね。[SEP]そうだね。でも、来られているときもあるよね。その時はどんなことかな?[SEP]うぅん...たまたま起きるとか、そんなに興奮していなくても起きられるんですよね。,3,True,case7.csv
そうですね。ただ、大変ですよね。[SEP]そうだね。でも、来られているときもあるよね。その時はどんなのかな?[SEP]うぅん...たまたま起きるとか、そんなに意識していなくても起きられるんですよね。,3,True,case7.csv
そうですね。ただ、難しいですよね。[SEP]そうだね。でも、来られているときもあるよね。その時はどんな感じかな？[SEP]うぅん．．．たまたま起きるとか、そんなに意識していなくても起きられるんですよね。,3,False,case7.csv
"薬は好きではありません。[SEP]OK,他の方と一緒に体験することができるサポートグループや勉強会もあります。時々,ただそのサポートを受けるだけで大きな恩恵を被る。特にストレスがストレス緩和になるような人にとってはそんな場所が役立つかもしれません。[SEP]それはよさそうですね,でも全てに参加する時間があるかどうか。",0,True,case4.csv
"薬は好きではありません。[SEP]OK,他の方と一緒に体験する事ができるサポートグループや勉強会もあります。時々,ただそのサポートを受けるだけで大きな恩恵を被る。特に自分が重緩和になるような人にとってはそんな場所が役立つかもしれません。[SEP]それはよさそうですね,でも全てに参加する時間があるかどうか。",0,True,case4.csv
"薬は好きではありません。[SEP]OK,他の方と一緒に体験する体験ができるサポートグループや勉強会もあります。時々,ただそのサポートを受けるだけで大きな恩恵を被る。特に薬が難緩和になるような人にとってはそんな場所が役立つかもしれません。[SEP]それはよさそうですね,でも全てに参加する時間があるかどうか。",0,True,case4.csv
薬は好きではありません。[SEP]OK，他の方と一緒に体験することができるサポートグループや勉強会もあります。時々，ただそのサポートを受けるだけで大きな恩恵を被る。特に喫煙がストレス緩和になるような人にとってはそんな場所が役立つかもしれません。[SEP]それはよさそうですね，でも全てに参加する時間があるかどうか。,0,False,case4.csv
思う。続けていきたいって思うけど、それでも使う意味がないからやらなくてもいいのかなとも思っちゃう。[SEP]実際に役に立たないかもしれないからやらなくてもいいかなっていう気持ちはどっかには少しある。[SEP]うんある。,1,True,case2!.csv
思う。続けていきたいって思うけど、少しでも使う気がないからやらなくてもいいのかなとも思っちゃう。[SEP]実際に役に立たないかもしれないからやらなくてもいいかなっていうのはどっかには少しある。[SEP]うんある。,1,True,case2!.csv
思う。続けていきたいって思うけど、自分でも使う時間がないからやらなくてもいいのかなとも思っちゃう。[SEP]実際に役に立たないかもしれないからやらなくてもいいかなっていうことはどっかには少しある。[SEP]うんある。,1,True,case2!.csv
思う。続けていきたいって思うけど、会社でも使う機会がないからやらなくてもいいのかなとも思っちゃう。[SEP]実際に役に立たないかもしれないからやらなくてもいいかなっていう気持ちはどっかには少しある。[SEP]うんある。,1,False,case2!.csv
いや、それが、特に何があったというわけではないんですが、間に合わなくて。[SEP]大丈夫ですよ。たまにはそういう日もありますからね。無理せず、自分のペースで行きましょう。[SEP]そうですね。すみません。,5,True,case7.csv
いや、それが、特に何があったということではあるんですが、間に合わなくて。[SEP]大丈夫ですよ。たまにはそういう日もありますからね。無理せず、私のペースで行きましょう。[SEP]そうですね。すみません。,5,True,case7.csv
いや、それが、特に何があったという意味では無いんですが、間に合わなくて。[SEP]大丈夫ですよ。たまにはそういう日もありますからね。無理せず、僕のペースで行きましょう。[SEP]そうですね。すみません。,5,True,case7.csv
いや、それが、特に何があったというわけでは無いんですが、間に合わなくて。[SEP]大丈夫ですよ。たまにはそういう日もありますからね。無理せず、自分のペースで行きましょう。[SEP]そうですね。すみません。,5,False,case7.csv
"とにかくそれをする時間がない...[SEP]やめられないという言い訳をしないで!非常に大事なことなんですから。[SEP]わかってます。知っているんです。何ひとつ問題のない人なんていないでしよ?本当に,それは本当に難しいことなんです。",0,True,case3.csv
"とにかくそれをする時間がない...[SEP]やめられないという言い訳をしないと!非常に大事な人なんですから。[SEP]わかってます。知っているんです。何ひとつ問題のない人なんていないでしよ?本当に,それは本当に難しい問題なんです。",0,True,case3.csv
"とにかくそれをする時間がない...[SEP]やめられないという言い訳をしないって!非常に大事な仕事なんですから。[SEP]わかってます。知っているんです。何ひとつ問題のない人なんていないでしよ?本当に,それは本当に難しい仕事なんです。",0,True,case3.csv
とにかくそれをする時間がない…[SEP]やめられないという言い訳をしないこと！非常に大事なことなんですから｡[SEP]わかってます。知っているんです。何ひとつ問題のない人なんていないでしよ？本当に，それは本当に難しいことなんです。,0,False,case3.csv
そうですね、実際に、新しい、私だと、精神疾患に関するMIがどうかとか、国内ではまだ無かったりして、新しい情報みたいなのが聞きたいなぁとは思ってるけど、難しかったりとか、まあ教科書も海外だと豊富にあるんですけど、物すごい時間がかかってしまって、いまの技術では。まあそういうところもあるし、まあ勉強だけじゃなくても、子供と旅行とかいったら楽しいだろうなぁって。[SEP]えーとじゃあ、英語を勉強されると、子どもさんと旅行して家族の思い出を作る時にも、っていうのもあるし、あなたのお仕事の専門領域で習った内容を活かすっていう時に役立ちそうなんですね。[SEP]そうですねぇ、そういった目標は持ってますけどねぇ。,2,True,case5!.csv
そうですね、実際に、新しい、私だと、精神疾患に関するMIがどうかとか、国内ではまだ無かったりして、新しい情報みたいなのが聞きたいなぁとは思ってるけど、難しかったりとか、まあ教科書も今だと豊富にあるんですけど、物すごい時間がかかってしまって、いまの技術では。まあそういうところもあるし、まあそれだけじゃなくても、子供と旅行とかいったら楽しいだろうなぁって。[SEP]えーとじゃあ、それを勉強されると、子どもさんと旅行して家族の思い出を作る時にも、っていうのもあるし、あなたのお仕事の専門領域で習った内容を活かすっていう時に役立ちそうなんですね。[SEP]そうですねぇ、そういった目標は持ってますけどねぇ。,2,True,case5!.csv
そうですね、実際に、新しい、私だと、精神疾患に関するMIがどうかとか、国内ではまだ無かったりして、新しい情報みたいなのが聞きたいなぁとは思ってるけど、難しかったりとか、まあ教科書も私だと豊富にあるんですけど、物すごい時間がかかってしまって、いまの技術では。まあそういうところもあるし、まあ教育だけじゃなくても、子供と旅行とかいったら楽しいだろうなぁって。[SEP]えーとじゃあ、これを勉強されると、子どもさんと旅行して家族の思い出を作る時にも、っていうのもあるし、あなたのお仕事の専門領域で習った内容を活かすっていう時に役立ちそうなんですね。[SEP]そうですねぇ、そういった目標は持ってますけどねぇ。,2,True,case5!.csv
そうですね、実際に、新しい、私だと、精神疾患に関するＭＩがどうかとか、国内ではまだ無かったりして、新しい情報みたいなのが聞きたいなぁとは思ってるけど、難しかったりとか、まあ教科書も英語だと豊富にあるんですけど、物すごい時間がかかってしまって、いまの技術では。まあそういうところもあるし、まあ勉強だけじゃなくても、子供と旅行とかいったら楽しいだろうなぁって。[SEP]えーとじゃあ、英語を勉強されると、子どもさんと旅行して家族の思い出を作る時にも、っていうのもあるし、あなたのお仕事の専門領域で習った内容を活かすっていう時に役立ちそうなんですね。[SEP]そうですねぇ、そういった目標は持ってますけどねぇ。,2,False,case5!.csv
うん。[SEP]今のスポーツとして続けられそうだなというのは10点だとしたら何点ぐらい?[SEP]3,4,True,case2!.csv
うん。[SEP]今の人生として続けられそうだなということは10点満点としたら何点ぐらい?[SEP]3,4,True,case2!.csv
うん。[SEP]今の職業として続けられそうだなという気持ちは10点あるとしたら何点ぐらい?[SEP]3,4,True,case2!.csv
うん。[SEP]今の気持ちとして続けられそうだなという気持ちは１０点満点としたら何点ぐらい？[SEP]3,4,False,case2!.csv
はい。[SEP]なんだか飲みたいんですね。せっかく飲んでるのに...[SEP]はぁ...,2,True,case9.csv
はい。[SEP]なんだかやりたいのですね。せっかく飲んでるのに...[SEP]はぁ...,2,True,case9.csv
はい。[SEP]なんだかしたいもんですね。せっかく飲んでるのに...[SEP]はぁ...,2,True,case9.csv
はい。[SEP]なんだかもったいないですね。せっかく飲んでるのに…[SEP]はぁ…,2,False,case9.csv
うん、少しあるかな。[SEP]今後この会を通じて信頼関係が出来てみんなとの話ができたらもしかしたら、参加できるかもしれない。[SEP]難しい。わかんない。,2,True,case2!.csv
うん、少しあるかな。[SEP]今後この会を通じて人間関係が出来てみんなとも話ができたらもしかしたら必ず参加できるかもしれない。[SEP]難しい。わかんない。,2,True,case2!.csv
うん、少しあるかな。[SEP]今後この会を通じて交友関係が出来てみんなとお話ができたらもしかしたら全員参加できるかもしれない。[SEP]難しい。わかんない。,2,True,case2!.csv
うん、少しあるかな。[SEP]今後この会を通じていい関係が出来てみんなと楽しく話ができたらもしかしたら楽しく参加できるかもしれない。[SEP]難しい。わかんない。,2,False,case2!.csv
3[SEP]1とか2じゃないのはどういうところから、今3になってるんですか?[SEP]今日もこういうのがあるよと誘ってくれた人がいて、遊びに来てくれた人がいるから一人じゃないから。,3,True,case2!.csv
3[SEP]1とか2じゃいうのはどういうところから、今3になってるんですか?[SEP]今日もこういうのがあるよと誘ってくれた人がいて、一緒に来てくれた人がいるから一人じゃねえから。,3,True,case2!.csv
3[SEP]1とか2じゃってのはどういうところから、今3になってるんですか?[SEP]今日もこういうのがあるよと誘ってくれた人がいて、迎えに来てくれた人がいるから一人じゃいいから。,3,True,case2!.csv
3[SEP]１とか２じゃないのはどういうところから、今３になってるんですか？[SEP]今日もこういうのがあるよと誘ってくれた人がいて、一緒に来てくれた人がいるから一人じゃないから。,3,False,case2!.csv
はい。[SEP]それでもなかなかその気が出てこないというのは、何度か失敗していたり、今の仕事が忙しかったりということがあるわけですね。[SEP]そうです。どうせこんなに書いたって無駄だろうと思ってしまいます。,2,True,case1.csv
はい。[SEP]それでもなかなかいい気が出てこないというのは、何度か失敗していたり、今の仕事が忙しかったりというのがあるわけですね。[SEP]そうです。どうせこんなこと書いたって無駄だろうと思ってしまいます。,2,True,case1.csv
はい。[SEP]それでもなかなかやる気が出てこないというのは、何度か失敗していたり、今の仕事が忙しかったりという部分があるわけですね。[SEP]そうです。どうせこんな事書いたって無駄だろうと思ってしまいます。,2,True,case1.csv
はい。[SEP]それでもなかなかやる気が出てこないというのは、何度か失敗していたり、今の仕事が忙しかったりということがあるわけですね。[SEP]そうです。どうせこんな書類書いたって無駄だろうと思ってしまいます。,2,False,case1.csv
"それはよさそうですね,でも全てに参加する時間があるかどうか。[SEP]もちろん,時間もたくさん取られるかもしれませんし,あなたの生活に合わないかもしれません。あなたの生活に合うようないくつかの選択肢について話ができればと思うのですが。[SEP]とても嬉しいです",4,True,case4.csv
"それはよさそうですね,でも全てに参加する時間があるかどうか。[SEP]もちろん,時間もたくさん取られるかもしれませんし,あなたの考えに合わるかもしれません。あなたの生活に合うようないくつかの解決肢について話ができればと思うのですが。[SEP]とても嬉しいです",4,True,case4.csv
"それはよさそうですね,でも全てに参加する時間があるかどうか。[SEP]もちろん,時間もたくさん取られるかもしれませんし,あなたの人生に合わうかもしれません。あなたの生活に合うようないくつかの決定肢について話ができればと思うのですが。[SEP]とても嬉しいです",4,True,case4.csv
それはよさそうですね，でも全てに参加する時間があるかどうか。[SEP]もちろん，時間もたくさん取られるかもしれませんし，あなたの生活に合わないかもしれません。あなたの生活に合うようないくつかの選択肢について話ができればと思うのですが。[SEP]とても嬉しいです,4,False,case4.csv
一時的に業研で禁煙やってたもんだから、一応協力するわ~、っていうけどもぉ~。なんや、なんでこんなイライラするんやろなーって。だからね、パッチがいるかな。でも禁煙をやっていたKさんがパッチしながら普通に吸っていて、それはいかんやろーって(笑)。[SEP]パッチは効果なさそう。[SEP]パッチはそう、でも飲み薬よりはパッチ!,2,True,case8!.csv
一時的に業研で禁煙やってたもんだから、一応協力するわ~、っていうけどもぉ~。なんや、なんでこんなイライラするんやろなーって。だからって、医者がいるかな。でも空手をやっていたKさんがパッチしながら普通に吸っていて、それはいかんやろーって(笑)。[SEP]パッチは効果なさそう。[SEP]パッチはそう、でも飲み薬よりはパッチ!,2,True,case8!.csv
一時的に業研で禁煙やってたもんだから、一応協力するわ~、っていうけどもぉ~。なんや、なんでこんなイライラするんやろなーって。だからこそ、君がいるかな。でもタバコをやっていたKさんがパッチしながら普通に吸っていて、それはいかんやろーって(笑)。[SEP]パッチは効果なさそう。[SEP]パッチはそう、でも飲み薬よりはパッチ!,2,True,case8!.csv
一時的に業研で禁煙やってたもんだから、一応協力するわ～、っていうけどもぉ～。なんや、なんでこんなイライラするんやろなーって。だからパッチ、パッチがいるかな。でもパッチをやっていたKさんがパッチしながら普通に吸っていて、それはいかんやろーって（笑）。[SEP]パッチは効果なさそう。　[SEP]パッチはそう、でも飲み薬よりはパッチ！,2,False,case8!.csv
そう。」っていう。[SEP]人が増えちゃうかなって怖さがある。[SEP]そう。せっかくズボンも小さく、これも(ズボンを指さし)小っちゃくしたのに。うん。,1,True,case8!.csv
そう。』っていう。[SEP]子供が増えちゃうかなって怖さがある。[SEP]そう。せっかくズボンも小さく、これも(スカートを指さし)小っちゃくしたのに。うん。,1,True,case8!.csv
そう。だっていう。[SEP]仕事が増えちゃうかなって怖さがある。[SEP]そう。せっかくズボンも小さく、これも(パンツを指さし)小っちゃくしたのに。うん。,1,True,case8!.csv
そう。怖いっていう。[SEP]体重が増えちゃうかなって怖さがある。　[SEP]そう。せっかくズボンも小さく、これも（スーツを指さし）小っちゃくしたのに。うん。,1,False,case8!.csv
そうですね、私よりも父の方が湯水の様に、足りなければまた借りればいいと借りてしまって、また結局闇金に手を出して、トータル140万、あるのでこれをこれの返済が月々10万以上あるので、やっぱり生活が厳しいので、エアコンも壊れたし、熱中症になってるし、なのでまたどっかからこのお金を借りたいな、コン代だけでも借りたいなと思ってきたんですけど。[SEP]じゃあ今一番困っていることは、この暑さをしのぐためにエアコンが必要だなと思っていること。その一方でこの金を貸してくれるところがもうない。[SEP]もうないです。あのエアコンを買うために電化製品家電屋さんの審査通したんですけど通らなかったんです。なので困っています。,2,True,case6!.csv
そうですね、私よりも父の方が湯水の様に、足りなければまた借りればいいと借りてしまって、また結局闇金に手を出して、トータル140万、あるのでこれをこれの返済が月々10万以上あるので、やっぱり生活が厳しいので、コンコンも壊れたし、熱中症になってるし、なのでまたどっかからこのお金を借りたいな。コン代だけでも借りたいなと思ってきたんですけど。[SEP]じゃあ今一番困っていることは、この暑さをしのぐためにコンコンが必要だなと思っていること。その一方でこの金を貸してくれるところがもうない。[SEP]もうないです。あのエアコンを買うために電化製品家電屋さんの審査通したんですけど通らなかったんです。なので困っています。,2,True,case6!.csv
そうですね、私よりも父の方が湯水の様に、足りなければまた借りればいいと借りてしまって、また結局闇金に手を出して、トータル140万、あるのでこれをこれの返済が月々10万以上あるので、やっぱり生活が厳しいので、このコンも壊れたし、熱中症になってるし、なのでまたどっかからこのお金を借りたいなとコン代だけでも借りたいなと思ってきたんですけど。[SEP]じゃあ今一番困っていることは、この暑さをしのぐためにこのコンが必要だなと思っていること。その一方でこの金を貸してくれるところがもうない。[SEP]もうないです。あのエアコンを買うために電化製品家電屋さんの審査通したんですけど通らなかったんです。なので困っています。,2,True,case6!.csv
そうですね、私よりも父の方が湯水の様に、足りなければまた借りればいいと借りてしまって、また結局闇金に手を出して、トータル140万、あるのでこれをこれの返済が月々10万以上あるので、やっぱり生活が厳しいので、エアコンも壊れたし、熱中症になってるし、なのでまたどっかからこのお金を借りたいなエアコン代だけでも借りたいなと思ってきたんですけど。 [SEP]じゃあ今一番困っていることは、この暑さをしのぐためにエアコンが必要だなと思っていること。その一方でこの金を貸してくれるところがもうない。[SEP]もうないです。あのエアコンを買うために電化製品家電屋さんの審査通したんですけど通らなかったんです。なので困っています。,2,False,case6!.csv
そうですね...まぁ、ちょっと見すぎなのかな。[SEP]いや、好きなんだね。[SEP]そうなんですよ。ちゃんとしてあるのがあるんで...,2,True,case7.csv
そうですね...まぁ、もっと見すぎなのかな。[SEP]みんな、好きなんだね。[SEP]そうなんですよ。こうしてあるのがあるんで...,2,True,case7.csv
そうですね...まぁ、よく見すぎなのかな。[SEP]ああ、好きなんだね。[SEP]そうなんですよ。ちょっとしてあるのがあるんで...,2,True,case7.csv
そうですね…まぁ、テレビ見すぎなのかな。[SEP]テレビ、好きなんだね。[SEP]そうなんですよ。録画してあるのがあるんで…,2,False,case7.csv
そうですね。今は、応募作品の締め切りに追われている感じなので、もう少し余裕をもって準備をしたいです。[SEP]いいじゃないですか!早めに準備すると気分的にも余裕が持てそうですね。[SEP]そうなんです。今はいつもぎりぎりで、夜20時までに大きな郵便局まで荷物を出しに行くこともあるので、それが無いだけでも、だいぶ効率的になると思います。,2,True,case1.csv
そうですね。今は、応募受付の締め切りに追われている感じなので、もう少し余裕をもって準備をしたいです。[SEP]いいじゃないですか!早めに準備すると気分的にも余裕が持てそうですね。[SEP]そうなんです。今はいつもぎりぎりで、夜20時までに大きな郵便局まで顔を出しに行く必要もあるので、それが無いだけでも、だいぶ効率的になると思います。,2,True,case1.csv
そうですね。今は、応募者の締め切りに追われている感じなので、もう少し余裕をもって準備をしたいです。[SEP]いいじゃないですか!早めに準備すると気分的にも余裕が持てそうですね。[SEP]そうなんです。今はいつもぎりぎりで、夜20時までに大きな郵便局まで手紙を出しに行くところもあるので、それが無いだけでも、だいぶ効率的になると思います。,2,True,case1.csv
そうですね。今は、応募書類の締め切りに追われている感じなので、もう少し余裕をもって準備をしたいです。[SEP]いいじゃないですか！早めに準備すると気分的にも余裕が持てそうですね。[SEP]そうなんです。今はいつもぎりぎりで、夜20時までに大きな郵便局まで書類を出しに行くこともあるので、それが無いだけでも、だいぶ効率的になると思います。,2,False,case1.csv
"ええと,それって私と子どもの問題でしよ。私は煙草を吸ってますよ。う-ん,息子のそばでは吸わないように本当に気をつけています。でも妊娠していた時は除いて10年吸い続けています。シングルマザーでいるのはとてもストレスフルでまた,仕事もあります。だから,また吸いはじめてしまいました。[SEP]いろいろなことがあって,たばこを吸うことはリラックスする,ストレス解消法の一つになっているのですね。[SEP]そう,そうなんです。人によってはワインでしようし,私にはタバコなんです。",2,True,case4.csv
"ええと,それって私と子どもの問題でしよ。私は煙草を吸ってますよ。う-ん,息子のそばでは吸わないように本当に気をつけています。でも妊娠していた時は除いて10年吸い続けています。シングルマザーでいることはとてもストレスフルでまた,仕事もあります。だから,また吸いはじめてしまいました。[SEP]いろいろな理由があって,たばこを吸うのはリラックスする,ストレス解消法の一つになっているのですね。[SEP]そう,そうなんです。人によってはワインでしようし,私にはタバコなんです。",2,True,case4.csv
"ええと,それって私と子どもの問題でしよ。私は煙草を吸ってますよ。う-ん,息子のそばでは吸わないように本当に気をつけています。でも妊娠していた時は除いて10年吸い続けています。シングルマザーでいる間はとてもストレスフルでまた,仕事もあります。だから,また吸いはじめてしまいました。[SEP]いろいろな方法があって,たばこを吸う事はリラックスする,ストレス解消法の一つになっているのですね。[SEP]そう,そうなんです。人によってはワインでしようし,私にはタバコなんです。",2,True,case4.csv
ええと，それって私と子どもの問題でしよ。私は煙草を吸ってますよ。う－ん，息子のそばでは吸わないように本当に気をつけています。でも妊娠していた時は除いて10年吸い続けています｡シングルマザーでいることはとてもストレスフルでまた，仕事もあります。だから，また吸いはじめてしまいました。[SEP]いろいろなことがあって，たばこを吸うことはリラックスする，ストレス解消法の一つになっているのですね。[SEP]そう，そうなんです。人によってはワインでしようし，私にはタバコなんです。,2,False,case4.csv
んー、そうね、悩んでる...まぁちょっとやって、オンライン英会話とかトライして。ただ忙しい時は難しい、そんなところを繰り返してる状況ですかね。[SEP]もし、英語の勉強をされて、少し前のワークショップとか資料を読めたりすると、どんないいことがありますか?[SEP]そうですね、実際に、新しい、私だと、精神疾患に関するMIがどうかとか、国内ではまだ無かったりして、新しい情報みたいなのが聞きたいなぁとは思ってるけど、難しかったりとか、まあ教科書も海外だと豊富にあるんですけど、物すごい時間がかかってしまって、いまの技術では。まあそういうところもあるし、まあ勉強だけじゃなくても、子供と旅行とかいったら楽しいだろうなぁって。,3,True,case5!.csv
んー、そうね、悩んでる...まぁちょっとやって、オンライン英会話とかトライして。ただ忙しい時は難しい、そんなところを繰り返してる状況ですかね。[SEP]もし、国語の勉強をされて、少しだけのワークショップとか資料を読めたりすると、どんないいことがありますか?[SEP]そうですね、実際に、新しい、私だと、精神疾患に関するMIがどうかとか、国内ではまだ無かったりして、新しい情報みたいなのが聞きたいなぁとは思ってるけど、難しかったりとか、まあ教科書も今だと豊富にあるんですけど、物すごい時間がかかってしまって、いまの技術では。まあそういうところもあるし、まあ勉強だけじゃなくても、子供と旅行とかいったら楽しいだろうなぁって。,3,True,case5!.csv
んー、そうね、悩んでる...まぁちょっとやって、オンライン英会話とかトライして。ただ忙しい時は難しい、そんなところを繰り返してる状況ですかね。[SEP]もし、たくさんの勉強をされて、少し英語のワークショップとか資料を読めたりすると、どんないいことがありますか?[SEP]そうですね、実際に、新しい、私だと、精神疾患に関するMIがどうかとか、国内ではまだ無かったりして、新しい情報みたいなのが聞きたいなぁとは思ってるけど、難しかったりとか、まあ教科書も日本だと豊富にあるんですけど、物すごい時間がかかってしまって、いまの技術では。まあそういうところもあるし、まあ勉強だけじゃなくても、子供と旅行とかいったら楽しいだろうなぁって。,3,True,case5!.csv
んー、そうね、悩んでる…まぁちょっとやって、オンライン英会話とかトライして。ただ忙しい時は難しい、そんなところを繰り返してる状況ですかね。[SEP]もし、英語の勉強をされて、少し英語のワークショップとか資料を読めたりすると、どんないいことがありますか？[SEP]そうですね、実際に、新しい、私だと、精神疾患に関するＭＩがどうかとか、国内ではまだ無かったりして、新しい情報みたいなのが聞きたいなぁとは思ってるけど、難しかったりとか、まあ教科書も英語だと豊富にあるんですけど、物すごい時間がかかってしまって、いまの技術では。まあそういうところもあるし、まあ勉強だけじゃなくても、子供と旅行とかいったら楽しいだろうなぁって。,3,False,case5!.csv
そうですね...[SEP]そうすると、今、テレビと、仕事の持ち帰りとあったわけだけど、今後、遅刻を減らすためにできそうなことがあるとしたら、どんなでしょう?[SEP]まずは、テレビですかね。きちんと時間を決めようと思います。録画してあるのをすべて見るとなると、遅くなってしまうので。,3,True,case7.csv
そうですね...[SEP]そうすると、今、テレビと、仕事の持ち帰りとあったわけだけど、今後、遅刻を減らすためにできそうな仕事があるとしたら、どんなです?[SEP]まずは、テレビですかね。きちんとスケジュールを決めようと思います。録画してあるのをすべて見るとなると、遅くなってしまうので。,3,True,case7.csv
そうですね...[SEP]そうすると、今、テレビと、仕事の持ち帰りとあったわけだけど、今後、遅刻を減らすためにできそうなテレビがあるとしたら、どんなの?[SEP]まずは、テレビですかね。きちんと時刻を決めようと思います。録画してあるのをすべて見るとなると、遅くなってしまうので。,3,True,case7.csv
そうですね…[SEP]そうすると、今、テレビと、仕事の持ち帰りとあったわけだけど、今後、遅刻を減らすためにできそうなことがあるとしたら、どんなこと？[SEP]まずは、テレビですかね。きちんと時間を決めようと思います。録画してあるのをすべて見るとなると、遅くなってしまうので。,3,False,case7.csv
"ええ[SEP]では,エイデンヘ抗生物質の処方菱を書きました。申し上げにくいのですが,彼のカルテを見て,ここ最近頻繁に耳の感染症を起こしているのが少し気になります。また,家庭内でどなたか喫煙されているという項目にチェックをされていますね。このことについてもう少しお聞かせ願えますか。[SEP]ええと,それって私と子どもの問題でしよ。私は煙草を吸ってますよ。う-ん,息子のそばでは吸わないように本当に気をつけています。でも妊娠していた時は除いて10年吸い続けています。シングルマザーでいるのはとてもストレスフルでまた,仕事もあります。だから,また吸いはじめてしまいました。",3,True,case4.csv
"ええ[SEP]では,エイデンヘ抗生物質の処方菱を書きました。申し上げにくいのですが,彼のカルテを見て,ここ最近頻繁に耳の感染症を起こしているのが少し気になります。また,家庭内でどなたか喫煙されているという項目にチェックをされていますね。この件についてもう少しお聞かせ願えますか。[SEP]ええと,それって私と子どもの問題でしよ。私は煙草を吸ってますよ。う-ん,息子のそばでは吸わせるように本当に気をつけています。でも妊娠していた時は除いて10年吸い続けています。シングルマザーでいることはとてもストレスフルでまた,仕事もあります。だから,また吸いはじめてしまいました。",3,True,case4.csv
"ええ[SEP]では,エイデンヘ抗生物質の処方菱を書きました。申し上げにくいのですが,彼のカルテを見て,ここ最近頻繁に耳の感染症を起こしているのが少し気になります。また,家庭内でどなたか喫煙されているという項目にチェックをされていますね。この問題についてもう少しお聞かせ願えますか。[SEP]ええと,それって私と子どもの問題でしよ。私は煙草を吸ってますよ。う-ん,息子のそばでは吸われるように本当に気をつけています。でも妊娠していた時は除いて10年吸い続けています。シングルマザーでいる時はとてもストレスフルでまた,仕事もあります。だから,また吸いはじめてしまいました。",3,True,case4.csv
ええ[SEP]では，エイデンヘ抗生物質の処方菱を書きました。申し上げにくいのですが，彼のカルテを見て，ここ最近頻繁に耳の感染症を起こしているのが少し気になります。また，家庭内でどなたか喫煙されているという項目にチェックをされていますね。このことについてもう少しお聞かせ願えますか。[SEP]ええと，それって私と子どもの問題でしよ。私は煙草を吸ってますよ。う－ん，息子のそばでは吸わないように本当に気をつけています。でも妊娠していた時は除いて10年吸い続けています｡シングルマザーでいることはとてもストレスフルでまた，仕事もあります。だから，また吸いはじめてしまいました。,3,False,case4.csv
"もう、私は吸っていないって・・・いえ,私,私,私やめようとしてきたけれど,でもすごく難しくてどうやっていいか分からないんです。[SEP]今がやめるときです。吸い続けるのはできません。彼のためだけでなくあなたのためにも言います。肺がんや肺気腫,口腔がん,心疾患などのりスクも増えるんですよ。[SEP]わかっています。わかっています。聞いた事があるし,以前人に言われた事もあります。全部聞きました。ただどうやっていいかわからないんです。どうやって禁煙したらいいの?すごく難しい。",0,True,case3.csv
"もう、私は吸っていないって・・・いえ,私,私,私やめようとしてきたけれど,でもすごく難しくてどうやっていいか分からないんです。[SEP]今がやめるときです。吸い続ける事はできません。彼のためだけでなくあなたのためにも言います。肺がんや肺気腫,口腔がん,心疾患などのりスクも増えるんですよ。[SEP]わかっています。わかっています。聞いた経験があるし,以前人に言われた話もあります。全部聞きました。ただどうやっていいかわからないんです。どうやって禁煙したらいいの?すごく難しい。",0,True,case3.csv
"もう、私は吸っていないって・・・いえ,私,私,私やめようとしてきたけれど,でもすごく難しくてどうやっていいか分からないんです。[SEP]今がやめるときです。吸い続ける我慢はできません。彼のためだけでなくあなたのためにも言います。肺がんや肺気腫,口腔がん,心疾患などのりスクも増えるんですよ。[SEP]わかっています。わかっています。聞いた覚えがあるし,以前人に言われたときもあります。全部聞きました。ただどうやっていいかわからないんです。どうやって禁煙したらいいの?すごく難しい。",0,True,case3.csv
もう、私は吸っていないって・・・いえ，私，私，私やめようとしてきたけれど，でもすごく難しくてどうやっていいか分からないんです。[SEP]今がやめるときです。吸い続けることはできません。彼のためだけでなくあなたのためにも言います。肺がんや肺気腫，口腔がん，心疾患などのりスクも増えるんですよ。[SEP]わかっています。わかっています。聞いたことがあるし，以前人に言われたこともあります。全部聞きました。ただどうやっていいかわからないんです。どうやって禁煙したらいいの？すごく難しい。,0,False,case3.csv
もう一回お金の使い分けを、また父母と一緒にできるんであれば考えていきたいなと思ってます。[SEP]お金の使い方、割り振り、お金の割り振り、お金の割り振りについては今までとかはどんな感じだったんですか?[SEP]今まではお金の管理を母に任せていたので、夏休み自分が体調悪いこともあって、食費だけで10万かかったんです。でこれをもっと抑えられないかな、冷蔵庫に食材がないので訪問看護の人が作ってくれるレパートリーが少ないから子供達も食べなくて、余計にこうお惣菜買ったりということが多かったので、それをなんとか抑えられたら、ちょっとは腹見通し立つのかなと思います。,3,True,case6!.csv
もう一回お金の使い分けを、また父母と一緒にできるんであれば考えていきたいなと思ってます。[SEP]お金の使い方、割り振り、お金の割り振り、お金の割り振りについては今までとかはどんな感じだったんですか?[SEP]今まではお金の管理を母に任せていたので、夏休み自分が体調悪い時もあって、食費だけで10万かかったんです。でこれをもっと抑えられないかな、冷蔵庫に食材がないので訪問看護の人が作ってくれるレパートリーが少ないから子供達も食べなくて、余計にこうお惣菜買ったりという事が多かったので、それをなんとか抑えられたら、ちょっとは役見通し立つのかなと思います。,3,True,case6!.csv
もう一回お金の使い分けを、また父母と一緒にできるんであれば考えていきたいなと思ってます。[SEP]お金の使い方、割り振り、お金の割り振り、お金の割り振りについては今までとかはどんな感じだったんですか?[SEP]今まではお金の管理を母に任せていたので、夏休み自分が体調悪いのもあって、食費だけで10万かかったんです。でこれをもっと抑えられないかな、冷蔵庫に食材がないので訪問看護の人が作ってくれるレパートリーが少ないから子供達も食べなくて、余計にこうお惣菜買ったりという人が多かったので、それをなんとか抑えられたら、ちょっとは自信見通し立つのかなと思います。,3,True,case6!.csv
もう一回お金の使い分けを、また父母と一緒にできるんであれば考えていきたいなと思ってます。[SEP]お金の使い方、割り振り、お金の割り振り、お金の割り振りについては今までとかはどんな感じだったんですか？[SEP]今まではお金の管理を母に任せていたので、夏休み自分が体調悪いこともあって、食費だけで10万かかったんです。でこれをもっと抑えられないかな 、冷蔵庫に食材がないので訪問看護の人が作ってくれるレパートリーが少ないから子供達も食べなくて、余計にこうお惣菜買ったりということが多かったので、それをなんとか抑えられたら、ちょっとは生活見通し立つのかなと思います。,3,False,case6!.csv
5年前に比べると、良くなっている。特に体重が80kgだったから~。[SEP]タバコはどうですか?[SEP]一時的に業研で禁煙やってたもんだから、一応協力するわ~、っていうけどもぉ~。なんや、なんでこんなイライラするんやろなーって。だからね、お前がいるかな。でもタバコをやっていたKさんがパッチしながら普通に吸っていて、それはいかんやろーって(笑)。,3,True,case8!.csv
5年前に比べると、良くなっている。特に体重が80kgだったから~。[SEP]タバコはどうですか?[SEP]一時的に業研で禁煙やってたもんだから、一応協力するわ~、っていうけどもぉ~。なんや、なんでこんなイライラするんやろなーって。だからって、俺がいるかな。でも禁煙をやっていたKさんがパッチしながら普通に吸っていて、それはいかんやろーって(笑)。,3,True,case8!.csv
5年前に比べると、良くなっている。特に体重が80kgだったから~。[SEP]タバコはどうですか?[SEP]一時的に業研で禁煙やってたもんだから、一応協力するわ~、っていうけどもぉ~。なんや、なんでこんなイライラするんやろなーって。だからこそ、彼氏がいるかな。でも喫煙をやっていたKさんがパッチしながら普通に吸っていて、それはいかんやろーって(笑)。,3,True,case8!.csv
5年前に比べると、良くなっている。特に体重が80㎏だったから～。[SEP]タバコはどうですか？　[SEP]一時的に業研で禁煙やってたもんだから、一応協力するわ～、っていうけどもぉ～。なんや、なんでこんなイライラするんやろなーって。だからパッチ、パッチがいるかな。でもパッチをやっていたKさんがパッチしながら普通に吸っていて、それはいかんやろーって（笑）。,3,False,case8!.csv
わかりませた。とにかくわかりませた。[SEP]OK[SEP]わかりませた。とにかくわかりました。,0,True,case3.csv
わかりたかった。とにかくわかりたかった。[SEP]OK[SEP]わかりたかった。とにかくわかりました。,0,True,case3.csv
わかりすぎた。とにかくわかりでした。[SEP]OK[SEP]わかりすぎた。とにかくわかりました。,0,True,case3.csv
わかりました。とにかくわかりました。[SEP]O K[SEP]わかりました。とにかくわかりました。,0,False,case3.csv
そうですね。気をつけてはいるんですが、なかなか起きられなくて。[SEP]そっか。朝が起きられればっていうか。[SEP]そうなんですよね。,2,True,case7.csv
そうですね。気をつけてはいるんですが、なかなか起きられないて。[SEP]そっか。朝が起きられればってことか。[SEP]そうなんですよね。,2,True,case7.csv
そうですね。気をつけてはいるんですが、なかなか起きられずて。[SEP]そっか。朝が起きられればって言うか。[SEP]そうなんですよね。,2,True,case7.csv
そうですね。気をつけてはいるんですが、なかなか起きられなくて。[SEP]そっか。朝が起きられればってところか。[SEP]そうなんですよね。,2,False,case7.csv
はい。あとは...どうしても、日々の業務に追われていると、就職活動を先送りにしがちなので、それを何とかする必要がありますかね。[SEP]日々の業務と転職活動とのバランスをとると。[SEP]そうですね。例えば、毎日1時間は転職に向けた書類を準備するのに充てるとか。,1,True,case1.csv
はい。あとは...どうしても、日々の業務に追われていると、転職活動を先送りにしがちなので、それを何とかする必要がありますかね。[SEP]日々の業務と転職活動とのバランスをとると。[SEP]そうですね。例えば、毎日1枚は転職に向けた書類を準備することに充てるとか。,1,True,case1.csv
はい。あとは...どうしても、日々の業務に追われていると、その活動を先送りにしがちなので、それを何とかする必要がありますかね。[SEP]日々の業務と転職活動とのバランスをとると。[SEP]そうですね。例えば、毎日1日は転職に向けた書類を準備する時間に充てるとか。,1,True,case1.csv
はい。あとは…どうしても、日々の業務に追われていると、転職活動を先送りにしがちなので、それを何とかする必要がありますかね。[SEP]日々の業務と転職活動とのバランスをとると。[SEP]そうですね。例えば、毎日1時間は転職に向けた書類を準備する時間に充てるとか。,1,False,case1.csv
でも私にできるのかわからない[SEP]大切な人のために変わろうと思うその気持ち、とても素晴らしいですね。自分たちと向き合う勇気を持って、一歩ずつ進めていくことが大事です。[SEP]ええ,5,True,case3.csv
でも私にできるのかわからない[SEP]大切な人のように変わろうと思うその気持ち、とても素晴らしいですね。自分自身と向き合う勇気を持って、一歩ずつ進めていくのが大事です。[SEP]ええ,5,True,case3.csv
でも私にできるのかわからない[SEP]大切な人の気持ちに変わろうと思うその気持ち、とても素晴らしいですね。自分達と向き合う勇気を持って、一歩ずつ進めていく姿勢が大事です。[SEP]ええ,5,True,case3.csv
でも私にできるのかわからない[SEP]大切な人のために変わろうと思うその気持ち、とても素晴らしいですね。自分自身と向き合う勇気を持って、一歩ずつ進めていくことが大事です。[SEP]ええ,5,False,case3.csv
そうなんです。今はいつもぎりぎりで、夜20時までに大きな郵便局まで書類を出しに行くこともあるので、それが無いだけでも、だいぶ効率的になると思います。[SEP]余裕をもって準備をして、早めに、近所の郵便局に出しに行けるといいということですね。[SEP]はい。あとは...どうしても、日々の業務に追われていると、その局を先送りにしがちなので、それを何とかする必要がありますかね。,1,True,case1.csv
そうなんです。今はいつもぎりぎりで、夜20時までに大きな郵便局まで書類を出しに行く必要もあるので、それが無いだけでも、だいぶ効率的になると思います。[SEP]余裕をもって準備をして、早めに、近所の郵便局に出しに行けるといいということですね。[SEP]はい。あとは...どうしても、日々の業務に追われていると、納期を先送りにしがちなので、それを何とかする必要がありますかね。,1,True,case1.csv
そうなんです。今はいつもぎりぎりで、夜20時までに大きな郵便局まで書類を出しに行く日もあるので、それが無いだけでも、だいぶ効率的になると思います。[SEP]余裕をもって準備をして、早めに、近所の郵便局に出しに行けるといいということですね。[SEP]はい。あとは...どうしても、日々の業務に追われていると、遅ことを先送りにしがちなので、それを何とかする必要がありますかね。,1,True,case1.csv
そうなんです。今はいつもぎりぎりで、夜20時までに大きな郵便局まで書類を出しに行くこともあるので、それが無いだけでも、だいぶ効率的になると思います。[SEP]余裕をもって準備をして、早めに、近所の郵便局に出しに行けるといいということですね。[SEP]はい。あとは…どうしても、日々の業務に追われていると、転職活動を先送りにしがちなので、それを何とかする必要がありますかね。,1,False,case1.csv
うぅん...たまたま起きるとか、そんなに意識していなくても起きられるんですよね。[SEP]あなたがたまたま早起きできたり、意識せずに起きられる日があるということは、その日の体調や心の状態が良好であることを示しているかもしれませんね。それは、健康的な生活リズムを維持している良い兆しです。[SEP]そうなんですよ...逆に起きられない時は、寝るのが遅いのかもしれません。,5,True,case7.csv
うぅん...たまたま起きるとか、そんなに緊張していなくても起きられるんですよね。[SEP]あなたがたまたま早起きできたり、意識せずに起きられる日があるというのは、その日の体調や心の状態が良好である事を示しているかもしれませんね。それは、健康的な生活リズムを維持している良い兆しです。[SEP]そうなんですよ...逆に起きられない時は、寝るのが遅いのかもしれません。,5,True,case7.csv
うぅん...たまたま起きるとか、そんなにゆっくりしていなくても起きられるんですよね。[SEP]あなたがたまたま早起きできたり、意識せずに起きられる日があるという事実は、その日の体調や心の状態が良好であるかを示しているかもしれませんね。それは、健康的な生活リズムを維持している良い兆しです。[SEP]そうなんですよ...逆に起きられない時は、寝るのが遅いのかもしれません。,5,True,case7.csv
うぅん...たまたま起きるとか、そんなに意識していなくても起きられるんですよね。[SEP]あなたがたまたま早起きできたり、意識せずに起きられる日があるということは、その日の体調や心の状態が良好であることを示しているかもしれませんね。それは、健康的な生活リズムを維持している良い兆しです。[SEP]そうなんですよ...逆に起きられない時は、寝るのが遅いのかもしれません。,5,False,case7.csv
実際どうなるかはわからないですけどね。計画的に進められるといいとは思います。[SEP]1日1回、社会活動のための活動に使うということの重要度について点数を付けてもらいたいのですが、とても重要だというのを10点として、あまり重要でないというのを0点とすると、Aさんにとっては、何点くらいになりそうですか?[SEP]重要度でいうと、8とか9とか。10までいかないにしても、かなり高いと思います。,4,True,case1.csv
実際どうなるかはわからないですけどね。計画的に進められるといいとは思います。[SEP]1日1時間、就職活動のための準備に使うということの重要度について点数を付けてもらいたいのですが、とても重要だというのを10点として、あまり重要でないというのを0点とすると、Aさんにとっては、何点くらいになりそうですか?[SEP]重要度でいうと、8とか9とか。10までいかないにしても、かなり高いと思います。,4,True,case1.csv
実際どうなるかはわからないですけどね。計画的に進められるといいとは思います。[SEP]1日1度、野外活動のためのために使うということの重要度について点数を付けてもらいたいのですが、とても重要だというのを10点として、あまり重要でないというのを0点とすると、Aさんにとっては、何点くらいになりそうですか?[SEP]重要度でいうと、8とか9とか。10までいかないにしても、かなり高いと思います。,4,True,case1.csv
実際どうなるかはわからないですけどね。計画的に進められるといいとは思います。[SEP]1日1時間、転職活動のための時間に使うということの重要度について点数を付けてもらいたいのですが、とても重要だというのを10点として、あまり重要でないというのを0点とすると、Aさんにとっては、何点くらいになりそうですか？[SEP]重要度でいうと、8とか9とか。10までいかないにしても、かなり高いと思います。,4,False,case1.csv
そりゃそうですね。[SEP]ですよね。医師はその薬について何と言っているんですか?[SEP]何と言っているわけでもないですけど、薬が変わることもあれば、もう少し様子を見ようとなることもありますね。,3,True,case9.csv
そりゃそうですね。[SEP]ですよね。医師はそのことについて何と言っているんですか?[SEP]何と言っているわけでもないですけど、薬が変わる場合もあれば、もう少し様子を見ようとなる場合もありますね。,3,True,case9.csv
そりゃそうですね。[SEP]ですよね。医師はその点について何と言っているんですか?[SEP]何と言っているわけでもないですけど、薬が変わる時もあれば、もう少し様子を見ようとなるときもありますね。,3,True,case9.csv
そりゃそうですね。[SEP]ですよね。医師はそのことについて何と言っているんですか？[SEP]何と言っているわけでもないですけど、薬が変わることもあれば、もう少し様子を見ようとなることもありますね。,3,False,case9.csv
そうですね。やる気というよりも、淡々と、計画的に、応募書類を出し続けるというんですかね。気分的な仕事よりも、現職との両立がキーになりそうです。[SEP]やる気というよりも、いかに現在のお仕事と両立させながら、応募を継続していくかが重要だろうという感じですね。[SEP]はい,1,True,case1.csv
そうですね。やる気というよりも、淡々と、計画的に、応募書類を出し続けるというものですかね。気分的な面よりも、現職との両立がキーになりそうです。[SEP]やる気というよりも、いかに現在のお仕事と両立させながら、応募を継続していくかが重要だろうというんですね。[SEP]はい,1,True,case1.csv
そうですね。やる気というよりも、淡々と、計画的に、応募書類を出し続けるという感じですかね。気分的なものよりも、現職との両立がキーになりそうです。[SEP]やる気というよりも、いかに現在のお仕事と両立させながら、応募を継続していくかが重要だろうというのですね。[SEP]はい,1,True,case1.csv
そうですね。やる気というよりも、淡々と、計画的に、応募書類を出し続けるということですかね。気分的なことよりも、現職との両立がキーになりそうです。[SEP]やる気というよりも、いかに現在のお仕事と両立させながら、応募を継続していくかが重要だろうということですね。[SEP]はい,1,False,case1.csv
そうなんですよ...逆に起きられない時は、寝るのがいいのかもしれません。[SEP]毎日寝ているので、朝定時に起きられない。[SEP]そうですね。,1,True,case7.csv
そうなんですよ...逆に起きられない時は、寝るのが怖いのかもしれません。[SEP]朝寝ているだけで、朝定時に起きられない。[SEP]そうですね。,1,True,case7.csv
そうなんですよ...逆に起きられない時は、寝るのが楽しいのかもしれません。[SEP]まだ寝ているんで、朝定時に起きられない。[SEP]そうですね。,1,True,case7.csv
そうなんですよ…逆に起きられない時は、寝るのが遅いのかもしれません。[SEP]遅く寝ているせいで、朝定時に起きられない。[SEP]そうですね。,1,False,case7.csv
お前が80kgとか、大分若い時にかなぁ?20代の時の太っていたとき!でも入社の時がちょうど72kgだったはずで。[SEP]お~ぉ。じゃぁ、ちょうど入社の時の年齢になった。[SEP]そう。ちょうど入社の時の体重になった。,1,True,case8!.csv
体重が80kgとか、大分若い時にかなぁ?20代の時の太っていたとき!でも入社の時がちょうど72kgだったはずで。[SEP]お~ぉ。じゃぁ、ちょうど入社の時の体重になった。[SEP]そう。ちょうど入社の時の年齢になった。,1,True,case8!.csv
俺が80kgとか、大分若い時にかなぁ?20代の時の太っていたとき!でも入社の時がちょうど72kgだったはずで。[SEP]お~ぉ。じゃぁ、ちょうど入社の時のことになった。[SEP]そう。ちょうど入社の時の倍になった。,1,True,case8!.csv
体重が80㎏とか、大分若い時にかなぁ？20代の時の太っていたとき！でも入社の時がちょうど72㎏だったはずで。[SEP]お～ぉ。じゃぁ、ちょうど入社の時の体重になった。　[SEP]そう。ちょうど入社の時の体重になった。,1,False,case8!.csv
でも私にできるのかわからない。[SEP]タバコをやめたいというあなたの気持ち、特にお子さんの成長を思ってのものだという気持ちが伝わってきます。自分自身や大切な人のために、健康的な生活を目指すのは大変価値のあることです。そして、そのような変化に取り組むことに対する不安や疑問を感じることも、ごく自然なことです。[SEP]ええ。,5,True,case4.csv
でも私にできるのかわからない。[SEP]タバコをやめたいというあなたの気持ち、特にお子さんの成長を思っての禁煙だという思いが伝わってきます。自分自身や大切な人のために、健康的な生活を目指すとは大変価値のあることです。そして、そのような変化に取り組むことに対する不安や疑問を感じることも、ごく自然なことです。[SEP]ええ。,5,True,case4.csv
でも私にできるのかわからない。[SEP]タバコをやめたいというあなたの気持ち、特にお子さんの成長を思っての事だというのが伝わってきます。自分自身や大切な人のために、健康的な生活を目指す事は大変価値のあることです。そして、そのような変化に取り組むことに対する不安や疑問を感じることも、ごく自然なことです。[SEP]ええ。,5,True,case4.csv
でも私にできるのかわからない。[SEP]タバコをやめたいというあなたの気持ち、特にお子さんの成長を思ってのことだということが伝わってきます。自分自身や大切な人のために、健康的な生活を目指すことは大変価値のあることです。そして、そのような変化に取り組むことに対する不安や疑問を感じることも、ごく自然なことです。[SEP]ええ。,5,False,case4.csv
"私にとっても良くないと分かっているし,彼がタバコをすってもいいと思って成長してほしくない。彼にはそういうことをしてほしくない。噛むこととかそういったものをしてほしくない。だから、特に彼がお母さんがタバコを吸っているとわかるくらいの年になる前に,やめるべきなのは分かっている。[SEP]はい。[SEP]でも私にできるのかわからない。",0,True,case4.csv
"私にとっても良くないと分かっているし,彼が何をすってもいいと思って成長してほしくない。彼にはそういう事をしてほしくない。噛むむとかそういったものをしてほしくない。だから、特に彼がお母さんがタバコを吸っているとわかるくらいの年になる前に,やめるべきなのは分かっている。[SEP]はい。[SEP]でも私にできるのかわからない。",0,True,case4.csv
"私にとっても良くないと分かっているし,彼が煙草をすってもいいと思って成長してほしくない。彼にはそういうものをしてほしくない。噛むみとかそういったものをしてほしくない。だから、特に彼がお母さんがタバコを吸っているとわかるくらいの年になる前に,やめるべきなのは分かっている。[SEP]はい。[SEP]でも私にできるのかわからない。",0,True,case4.csv
私にとっても良くないと分かっているし，彼がタバコをすってもいいと思って成長してほしくない。彼にはそういうことをしてほしくない。噛むタバコとかそういったものをしてほしくない。だから、特に彼がお母さんがタバコを吸っているとわかるくらいの年になる前に，やめるべきなのは分かっている。[SEP]はい。[SEP]でも私にできるのかわからない。,0,False,case4.csv
本当にやる気が無くて今後のことを考えるだけで憂うつでしたが、このままではいけないと改めて思えたし、じゃあ具体的に何をしていけばいいのかということも明確になったので、今はとても前向きで、気持ちも軽くなりました。まだ時間はあるので、まずはこの方向で継続してみたいと思います。[SEP]そうですね。もう少しやってみて、またうまくいかないようであれば方針を修正するということでいいのではないかと思います。他に何か今日話し合っておいた方がいいことはありますか?[SEP]いいえ。大丈夫です。,4,True,case1.csv
本当にやる気が無くて自分の方針を考えるだけで憂うつでしたが、このままではいけないと改めて思えたし、じゃあ具体的に何をしていけばいいのかということも明確になったので、今はとても前向きで、気持ちも軽くなりました。まだ不安はあるので、まずはこの方向で継続してみたいと思います。[SEP]そうですね。もう少しやってみて、またうまくいかないようであれば方針を修正するということでいいのではないかと思います。他に何か今日話し合っておいた方がいいことはありますか?[SEP]いいえ。大丈夫です。,4,True,case1.csv
本当にやる気が無くて将来のかを考えるだけで憂うつでしたが、このままではいけないと改めて思えたし、じゃあ具体的に何をしていけばいいのかということも明確になったので、今はとても前向きで、気持ちも軽くなりました。まだ限界はあるので、まずはこの方向で継続してみたいと思います。[SEP]そうですね。もう少しやってみて、またうまくいかないようであれば方針を修正するということでいいのではないかと思います。他に何か今日話し合っておいた方がいいことはありますか?[SEP]いいえ。大丈夫です。,4,True,case1.csv
本当にやる気が無くて転職のことを考えるだけで憂うつでしたが、このままではいけないと改めて思えたし、じゃあ具体的に何をしていけばいいのかということも明確になったので、今はとても前向きで、気持ちも軽くなりました。まだ時間はあるので、まずはこの方向で継続してみたいと思います。[SEP]そうですね。もう少しやってみて、またうまくいかないようであれば方針を修正するということでいいのではないかと思います。他に何か今日話し合っておいた方がいいことはありますか？[SEP]いいえ。大丈夫です。,4,False,case1.csv
そうですね、でもやっぱりこの借金でのこの返済を、もう少し額を抑えられたらなと思います。[SEP]じゃあ債務者の専門の方と色々もう一回お話をちょっとしてみようかなとか。[SEP]そうですね、ま、できる、話ししてどうなるかわからないんですけど、うまく行くんだったらしても良いかなー。,2,True,case6!.csv
そうですね、でもやっぱりこの債務額のこの返済を、もう少し額を抑えられたらなと思います。[SEP]じゃあ債務返済の専門の方と色々もう一回お話をちょっとしてみようかなとか。[SEP]そうですね、ま、できる、話ししてどうなるかわからないんですけど、うまく行くんだったらしても良いかなー。,2,True,case6!.csv
そうですね、でもやっぱりこの年払いのこの返済を、もう少し額を抑えられたらなと思います。[SEP]じゃあ債務免除の専門の方と色々もう一回お話をちょっとしてみようかなとか。[SEP]そうですね、ま、できる、話ししてどうなるかわからないんですけど、うまく行くんだったらしても良いかなー。,2,True,case6!.csv
そうですね、でもやっぱりこの債務整理のこの返済を、もう少し額を抑えられたらなと思います。[SEP]じゃあ債務整理の専門の方と色々もう一回お話をちょっとしてみようかなとか。[SEP]そうですね、ま、できる、話ししてどうなるかわからないんですけど、うまく行くんだったらしても良いかなー。,2,False,case6!.csv
何と言っているわけでもないですけど、薬が変わることもあれば、もう少し様子を見ようとなることもありますね。[SEP]そうですか。きちんと医師とお話はできてるんですね。最善は尽くしているという感じですね。[SEP]そうですね。,2,True,case9.csv
何と言っているわけでも無いですけど、薬が変わる時もあれば、もう少し様子を見ようとなる時もありますね。[SEP]そうですか。きちんと医師とお話はできてるんですね。最善は尽くしているという感じですね。[SEP]そうですね。,2,True,case9.csv
何と言っているわけでもあるですけど、薬が変わる事もあれば、もう少し様子を見ようとなるときもありますね。[SEP]そうですか。きちんと医師とお話はできてるんですね。最善は尽くしているという感じですね。[SEP]そうですね。,2,True,case9.csv
何と言っているわけでもないですけど、薬が変わることもあれば、もう少し様子を見ようとなることもありますね。[SEP]そうですか。きちんと医師とお話はできてるんですね。最善は尽くしているという感じですね。[SEP]そうですね。,2,False,case9.csv
お金を貯めたいと思うんですけどもたまらずに逆に失敗ばっかりです。[SEP]お金を貯めたいと思ってるんだけれど何かと、つい使いすぎてしまう。[SEP]使い過ぎたり、出費が多くてマイナスですね。,1,True,case6!.csv
お金を貯めたいと思うんですけどもたまらずに逆に借金ばっかりです。[SEP]お金を貯めたいと思ってるんだけれど何かが、つい使いすぎている。[SEP]使い過ぎたり、出費が多くてマイナスですね。,1,True,case6!.csv
お金を貯めたいと思うんですけどもたまらずに逆にわがままばっかりです。[SEP]お金を貯めたいと思ってるんだけれど何かを、つい使いすぎてます。[SEP]使い過ぎたり、出費が多くてマイナスですね。,1,True,case6!.csv
お金を貯めたいと思うんですけどもたまらずに逆にマイナスばっかりです。[SEP]お金を貯めたいと思ってるんだけれど何かマイナス、つい使いすぎてマイナス。[SEP]使い過ぎたり、出費が多くてマイナスですね。,1,False,case6!.csv
"はい。[SEP]OK,でも本当はどこかでたばこをやめたいと思っているように聞こえます。[SEP]ええ,そうすべきだと分かっています,毎年新年に“今年は禁煙する”といいますが,何かあるとできず,やめられないんです。何もなければやめられるのに・・・。",2,True,case4.csv
"はい。[SEP]OK,でも本当はどこかでたばこをやめたいと思っているように聞こえます。[SEP]ええ,そうすべきだと分かっています,毎年新年に“今年は喫煙する”といいますが,何かあるとできない,やめられたんです。何もなければやめられるのに・・・。",2,True,case4.csv
"はい。[SEP]OK,でも本当はどこかでたばこをやめたいと思っているように聞こえます。[SEP]ええ,そうすべきだと分かっています,毎年新年に“今年はそうする”といいますが,何かあるとできて,やめられたいんです。何もなければやめられるのに・・・。",2,True,case4.csv
はい。[SEP]OK，でも本当はどこかでたばこをやめたいと思っているように聞こえます。[SEP]ええ，そうすべきだと分かっています，毎年新年に“今年は禁煙する”といいますが，何かあるとできない，やめられないんです。何もなければやめられるのに・・・。,2,False,case4.csv
思う。[SEP]こうやって今日もいらっしゃったんですけど、もっとやりたいというのがあって、これからも、こういう会に参加して続けていきたいと。[SEP]思う。続けていきたいって思うけど、それでも使う気がないからやらなくてもいいのかなとも思っちゃう。,2,True,case2!.csv
思う。[SEP]こうやって今日もいらっしゃったんですけど、もっとやりたいというのがあって、これからも、こういう会に参加して続けていきたいと。[SEP]思う。続けていきたいって思うけど、何でも使う気がないからやらなくても良いのかなとも思っちゃう。,2,True,case2!.csv
思う。[SEP]こうやって今日もいらっしゃったんですけど、もっとやりたいというのがあって、これからも、こういう会に参加して続けていきたいと。[SEP]思う。続けていきたいって思うけど、自分でも使う意味がないからやらなくてもよいのかなとも思っちゃう。,2,True,case2!.csv
思う。[SEP]こうやって今日もいらっしゃったんですけど、もっとやりたいというのがあって、これからも、こういう会に参加して続けていきたいと。[SEP]思う。続けていきたいって思うけど、会社でも使う機会がないからやらなくてもいいのかなとも思っちゃう。,2,False,case2!.csv
そうですね。また、過去にもやったことあるんですが、あまり役に立たなかったと言うか、父が一度自己破産をしてブラックなんですけどまた闇金に手を出してしまってそれをまたカバーするためにお金を借りたいと思ってるので、あまり法律家は相談したくないと思ってます。[SEP]法律家には相談したくない。[SEP]やっても無駄だなーと。,1,True,case6!.csv
そうですね、は、過去にもやった事あるんですが、あまり役に立たなかったと言うか、父が一度自己破産をしてブラックなんですけどまた闇金に手を出してしまってそれをまたカバーするためにお金を借りたいと思ってるので、あまり法律家は相談したくないと思ってます。[SEP]法律家には相談したくない。[SEP]やっても無駄だなーと。,1,True,case6!.csv
そうですね」って、過去にもやった経験あるんですが、あまり役に立たなかったと言うか、父が一度自己破産をしてブラックなんですけどまた闇金に手を出してしまってそれをまたカバーするためにお金を借りたいと思ってるので、あまり法律家は相談したくないと思ってます。[SEP]法律家には相談したくない。[SEP]やっても無駄だなーと。,1,True,case6!.csv
そうですね債務整理、過去にもやったことあるんですが、あまり役に立たなかったと言うか、父が一度自己破産をしてブラックなんですけどまた闇金に手を出してしまってそれをまたカバーするためにお金を借りたいと思ってるので、あまり法律家は相談したくないと思ってます。[SEP]法律家には相談したくない。[SEP]やっても無駄だなーと。,1,False,case6!.csv
わからない。[SEP]活動に取り組むまでが難しいと感じているが、以前は多くの人と一緒だったため、モチベーションを保つのが容易だったということですね。現在はそのようなサポートがないため、みんなへの気持ちが明るくなりにくいと感じています。しかし、今後この会を通じて良い関係ができ、楽しく参加できるかもしれないという希望もあるようです。[SEP],6,True,case2!.csv
わからない。[SEP]ことに取り組むまでが難しいと感じているが、以前は他の人と一緒だったため、モチベーションを保つのが容易だったということですね。現在はそのようなサポートがないため、会への気持ちが明るくなりにくいと感じています。しかし、今後この会を通じて良い関係ができ、楽しく参加できるかもしれないという希望もあるようです。[SEP],6,True,case2!.csv
わからない。[SEP]仕事に取り組むまでが難しいと感じているが、以前は周りの人と一緒だったため、モチベーションを保つのが容易だったということですね。現在はそのようなサポートがないため、活動への気持ちが明るくなりにくいと感じています。しかし、今後この会を通じて良い関係ができ、楽しく参加できるかもしれないという希望もあるようです。[SEP],6,True,case2!.csv
わからない。[SEP]勉強に取り組むまでが難しいと感じているが、以前は会社の人と一緒だったため、モチベーションを保つのが容易だったということですね。現在はそのようなサポートがないため、勉強への気持ちが明るくなりにくいと感じています。しかし、今後この会を通じて良い関係ができ、楽しく参加できるかもしれないという希望もあるようです。[SEP],6,False,case2!.csv
そうですね...月、火の仕事中に突発的な業務が発生した時や、水、金に疲れて帰宅したときなんかが難しいと思います。この辺りの対処法を見つけることができれば、自信度は高まると思います。[SEP]月、火に日中に出来なかった場合にどうするかということと、水、金に疲れて帰宅したときにどうするかということですね。[SEP]はい。いずれも帰宅してしまうと、なかなか作業の時間が取れないことが多いので、帰宅前にやれるといいですかね。例えば、水、金や月、火で日中に1時間取れなかったときには、帰宅途中でカフェやレストランによって1日作業をして帰るとか。,1,True,case1.csv
そうですね...月、火の仕事中に突発的な業務が発生した時や、水、金に疲れて帰宅したときなんかが難しいと思います。この辺りの対処法を見つけることができれば、自信度は高まると思います。[SEP]月、火に日中に出来なかった場合にどうするかということと、水、金に疲れて帰宅したときにどうするかということですね。[SEP]はい。いずれも帰宅してしまうと、なかなか作業のタイミングが取れないことが多いので、帰宅前にやれるといいですかね。例えば、水、金や月、火で日中に1本取れなかったときには、帰宅途中でカフェやレストランによって1週間作業をして帰るとか。,1,True,case1.csv
そうですね...月、火の仕事中に突発的な業務が発生した時や、水、金に疲れて帰宅したときなんかが難しいと思います。この辺りの対処法を見つけることができれば、自信度は高まると思います。[SEP]月、火に日中に出来なかった場合にどうするかということと、水、金に疲れて帰宅したときにどうするかということですね。[SEP]はい。いずれも帰宅してしまうと、なかなか作業のペースが取れないことが多いので、帰宅前にやれるといいですかね。例えば、水、金や月、火で日中に1日取れなかったときには、帰宅途中でカフェやレストランによって1時間作業をして帰るとか。,1,True,case1.csv
そうですね…月、火の仕事中に突発的な業務が発生した時や、水、金に疲れて帰宅したときなんかが難しいと思います。この辺りの対処法を見つけることができれば、自信度は高まると思います。[SEP]月、火に日中に出来なかった場合にどうするかということと、水、金に疲れて帰宅したときにどうするかということですね。[SEP]はい。いずれも帰宅してしまうと、なかなか作業の時間が取れないことが多いので、帰宅前にやれるといいですかね。例えば、水、金や月、火で日中に1時間取れなかったときには、帰宅途中でカフェやレストランによって1時間作業をして帰るとか。,1,False,case1.csv
それで食べる。元々の昔みたいな食べ方をしてしまうんのかな。。。(過去の話をみて)この時代に戻っちゃうなっと。[SEP]人が増えていた時代みたいにガッツリ食べちゃう。[SEP]体重が80kgとか、大分若い時にかなぁ?20代の時の太っていたとき!でも入社の時がちょうど72kgだったはずで。,2,True,case8!.csv
それで食べる。元々の昔みたいな食べ方をしてしまうんのかな。。。(過去のエピソードをみて)この時代に戻っちゃうなっと。[SEP]仕事が増えていた時代みたいにガッツリ食べちゃう。[SEP]俺が80kgとか、大分若い時にかなぁ?20代の時の太っていたとき!でも入社の時がちょうど72kgだったはずで。,2,True,case8!.csv
それで食べる。元々の昔みたいな食べ方をしてしまうんのかな。。。(過去のインタビューをみて)この時代に戻っちゃうなっと。[SEP]体重が増えていた時代みたいにガッツリ食べちゃう。[SEP]お前が80kgとか、大分若い時にかなぁ?20代の時の太っていたとき!でも入社の時がちょうど72kgだったはずで。,2,True,case8!.csv
それで食べる。元々の昔みたいな食べ方をしてしまうんのかな。。。（過去の体重をみて）この時代に戻っちゃうなっと。[SEP]体重が増えていた時代みたいにガッツリ食べちゃう。　[SEP]体重が80㎏とか、大分若い時にかなぁ？20代の時の太っていたとき！でも入社の時がちょうど72㎏だったはずで。,2,False,case8!.csv
そうですね。一応会社の規定では、3か月前までに退職願を出さなくてはいけないことになっているのですが、当面はそれを目指して、それが難しくても、今後も就職活動を続けていく気ではいます。[SEP]そのために今日できることとしては、今後の見通しについてお伺いしていくことですかね。他に何か、やる気を高めるために出来そうなことはありますか?[SEP]そうですね。あとは、どうですかね。どうしても、なかなかうまく気が使えていない感じがするので、その辺りについてご相談させていただければと思います。,4,True,case1.csv
そうですね。一応会社の規定では、3か月前までに退職願を出さなくてはいけないことになっているのですが、当面はそれを目指して、それが難しくても、今後も営業活動を続けていく気ではいます。[SEP]そのために今日できることとしては、今後の見通しについてお伺いしていくことですかね。他に何か、やる気を高めるために出来そうなことはありますか?[SEP]そうですね。あとは、無理ですかね。どうしても、なかなかうまく言葉が使えていない感じがするので、その辺りについてご相談させていただければと思います。,4,True,case1.csv
そうですね。一応会社の規定では、3か月前までに退職願を出さなくてはいけないことになっているのですが、当面はそれを目指して、それが難しくても、今後も芸能活動を続けていく気ではいます。[SEP]そのために今日できることとしては、今後の見通しについてお伺いしていくことですかね。他に何か、やる気を高めるために出来そうなことはありますか?[SEP]そうですね。あとは、いいですかね。どうしても、なかなかうまく頭が使えていない感じがするので、その辺りについてご相談させていただければと思います。,4,True,case1.csv
そうですね。一応会社の規定では、3か月前までに退職願を出さなくてはいけないことになっているのですが、当面はそれを目指して、それが難しくても、今後も転職活動を続けていく気ではいます。[SEP]そのために今日できることとしては、今後の見通しについてお伺いしていくことですかね。他に何か、やる気を高めるために出来そうなことはありますか？[SEP]そうですね。あとは、時間ですかね。どうしても、なかなかうまく時間が使えていない感じがするので、その辺りについてご相談させていただければと思います。,4,False,case1.csv
いや、それが、特に何があったというわけでは無いんですが、間に合わなくて。[SEP]時間管理に関して少し困っているようですね。特に大きな問題があったわけではないけれど、朝の時間に間に合わせるのが難しかったということが理解できます。日常生活での小さな挑戦にも前向きに取り組んでいるのは、とても良いことだと思います。[SEP]そうですね。すみません。,5,True,case7.csv
いや、それが、特に何があったというわけでは無いんですが、間に合わなくて。[SEP]時間管理に関して少し困っているようですね。特に大きな問題があったわけではないけれど、朝の時間に間に合わせることが難しかったというのが理解できます。日常生活での小さな挑戦にも前向きに取り組んでいることは、とても良いことだと思います。[SEP]そうですね。すみません。,5,True,case7.csv
いや、それが、特に何があったというわけでは無いんですが、間に合わなくて。[SEP]時間管理に関して少し困っているようですね。特に大きな問題があったわけではないけれど、朝の時間に間に合わせる事が難しかったという事が理解できます。日常生活での小さな挑戦にも前向きに取り組んでいる姿勢は、とても良いことだと思います。[SEP]そうですね。すみません。,5,True,case7.csv
いや、それが、特に何があったというわけでは無いんですが、間に合わなくて。[SEP]時間管理に関して少し困っているようですね。特に大きな問題があったわけではないけれど、朝の時間に間に合わせることが難しかったということが理解できます。日常生活での小さな挑戦にも前向きに取り組んでいることは、とても良いことだと思います。[SEP]そうですね。すみません。,5,False,case7.csv
うれしい。そうなんや~。これや~!っという。おいんしんや~!!って思ったけど、飲む・食うしちゃうと、大昔のあの味に戻るのかな?なんて。[SEP]飲むとうい感覚と、でも反対の我慢できそうという感覚もあるんじゃなかと。[SEP]うーん。そうそう、今のままの食べ方やったら、いけるんやろな~っと思うけど(笑)。,2,True,case8!.csv
うれしい。そうなんや~。これや~!っという。おいんしんや~!!って思ったけど、飲む・食うしちゃうと、大昔のあの感覚に戻るのかな?なんて。[SEP]食べるとうい感覚と、でも反対の我慢できそうという感覚もあるんじゃなかと。[SEP]うーん。そうそう、今の日本の食べ方やったら、いけるんやろな~っと思うけど(笑)。,2,True,case8!.csv
うれしい。そうなんや~。これや~!っという。おいんしんや~!!って思ったけど、飲む・食うしちゃうと、大昔のあの時代に戻るのかな?なんて。[SEP]それとうい感覚と、でも反対の我慢できそうという感覚もあるんじゃなかと。[SEP]うーん。そうそう、今の自分の食べ方やったら、いけるんやろな~っと思うけど(笑)。,2,True,case8!.csv
うれしい。そうなんや～。これや～！っという。おいんしんや～！！って思ったけど、飲む・食うしちゃうと、大昔のあの時代に戻るのかな？なんて。[SEP]怖いとうい感覚と、でも反対の我慢できそうという感覚もあるんじゃなかと。　[SEP]うーん。そうそう、今のご飯の食べ方やったら、いけるんやろな～っと思うけど（笑）。,2,False,case8!.csv
実際違う仕事が入ってくると、また、そうしようかなぁみたいな。[SEP]じゃあ、仕事の忙しさとかと、仕事についてもう少し勉強したら、海外の情報を得たり旅に出たり、なにか広がりそうだなぁっていうところで、なんか悩まれてるっていうところ。[SEP]んー、そうね、悩んでる...まぁちょっとやって、オンライン英会話とかトライして。ただ忙しい時は難しい、そんなところを繰り返してる状況ですかね。,2,True,case5!.csv
実際違う仕事が入ってくると、また、そうしようかなぁみたいな。[SEP]じゃあ、仕事の忙しさとかと、それについてもう少し集中したら、海外の情報を得たりテレビに出たり、なにか広がりそうだなぁっていうところで、なんか悩まれてるっていうところ。[SEP]んー、そうね、悩んでる...まぁちょっとやって、オンライン英会話とかトライして。ただ忙しい時は難しい、そんなところを繰り返してる状況ですかね。,2,True,case5!.csv
実際違う仕事が入ってくると、また、そうしようかなぁみたいな。[SEP]じゃあ、仕事の忙しさとかと、英語についてもう少し相談したら、海外の情報を得たり海外に出たり、なにか広がりそうだなぁっていうところで、なんか悩まれてるっていうところ。[SEP]んー、そうね、悩んでる...まぁちょっとやって、オンライン英会話とかトライして。ただ忙しい時は難しい、そんなところを繰り返してる状況ですかね。,2,True,case5!.csv
実際違う仕事が入ってくると、また、そうしようかなぁみたいな。[SEP]じゃあ、仕事の忙しさとかと、英語についてもう少し勉強したら、海外の情報を得たり学会に出たり、なにか広がりそうだなぁっていうところで、なんか悩まれてるっていうところ。[SEP]んー、そうね、悩んでる…まぁちょっとやって、オンライン英会話とかトライして。ただ忙しい時は難しい、そんなところを繰り返してる状況ですかね。,2,False,case5!.csv
そうなんですよ...逆に起きられない時は、寝るのが遅いのかもしれません。[SEP]今年度も保健指導にご参加くださりありがとうございます。では早速ですが、健診結果の振返り、食事・運動・その他で主に健康について確認させてください。どうでしょうか?[SEP]5年前に比べると、良くなっている。特に体重が80kgだったから~。,3,True,case8!.csv
そうなんですよ...逆に起きられない時は、寝るのが遅いのかもしれません。[SEP]今年度も保健指導にご参加くださりありがとうございます。では早速ですが、健診結果の振返り、勉強・運動・その他で主に体調について確認させてください。どうでしょうか?[SEP]5年前に比べると、良くなっている。特に胸が80kgだったから~。,3,True,case8!.csv
そうなんですよ...逆に起きられない時は、寝るのが遅いのかもしれません。[SEP]今年度も保健指導にご参加くださりありがとうございます。では早速ですが、健診結果の振返り、呼吸・運動・その他で主に症状について確認させてください。どうでしょうか?[SEP]5年前に比べると、良くなっている。特に身長が80kgだったから~。,3,True,case8!.csv
そうなんですよ...逆に起きられない時は、寝るのが遅いのかもしれません。[SEP]今年度も保健指導にご参加くださりありがとうございます。では早速ですが、健診結果の振返り、食事・運動・その他で主にタバコについて確認させてください。どうでしょうか？[SEP]5年前に比べると、良くなっている。特に体重が80㎏だったから～。,3,False,case8!.csv
"8,9割出来るのではないでしょうか。100%というのは難しいと思ので、これくらいなら十分かと思います。[SEP]1日1時間時間を使うと意識して、過ごし、場合によっては、帰宅途中にカフェやレストランによる食事で、8,9割はこの目標を達成できそうだということですね。[SEP]はい。",1,True,case1.csv
"8,9割出来るのではないでしょうか。100%というのは難しいと思ので、これくらいなら十分かと思います。[SEP]1日1回以上を使うと意識して、過ごし、場合によっては、帰宅途中にカフェやレストランによることで、8,9割はこの目標を達成できそうだということですね。[SEP]はい。",1,True,case1.csv
"8,9割出来るのではないでしょうか。100%というのは難しいと思ので、これくらいなら十分かと思います。[SEP]1日1食食を使うと意識して、過ごし、場合によっては、帰宅途中にカフェやレストランによる買い物で、8,9割はこの目標を達成できそうだということですね。[SEP]はい。",1,True,case1.csv
8，9割出来るのではないでしょうか。100％というのは難しいと思ので、これくらいなら十分かと思います。[SEP]1日1時間時間を使うと意識して、過ごし、場合によっては、帰宅途中にカフェやレストランによることで、8，9割はこの目標を達成できそうだということですね。[SEP]はい。,1,False,case1.csv
そうですね。[SEP]お父さんさんがお金を際限なく借りてしまうとか、使ってしまうとかそういうことが。[SEP]そうですね、私よりも父の方が湯水の様に、足りなければまた借りればいいと借りてしまって、また結局闇金に手を出して、トータル140万、あるのでこれをこれの返済が月々10万以上あるので、やっぱり生活が厳しいので、おコンも壊れたし、熱中症になってるし、なのでまたどっかからこのお金を借りたいな、コン代だけでも借りたいなと思ってきたんですけど。,2,True,case6!.csv
そうですね。[SEP]お父さんさんがお金を際限なく借りてしまうとか、使ってしまうとかそういうのが。[SEP]そうですね、私よりも父の方が湯水の様に、足りなければまた借りればいいと借りてしまって、また結局闇金に手を出して、トータル140万、あるのでこれをこれの返済が月々10万以上あるので、やっぱり生活が厳しいので、コンコンも壊れたし、熱中症になってるし、なのでまたどっかからこのお金を借りたいな。コン代だけでも借りたいなと思ってきたんですけど。,2,True,case6!.csv
そうですね。[SEP]お父さんさんがお金を際限なく借りてしまうとか、使ってしまうとかそういう事が。[SEP]そうですね、私よりも父の方が湯水の様に、足りなければまた借りればいいと借りてしまって、また結局闇金に手を出して、トータル140万、あるのでこれをこれの返済が月々10万以上あるので、やっぱり生活が厳しいので、またコンも壊れたし、熱中症になってるし、なのでまたどっかからこのお金を借りたいなとコン代だけでも借りたいなと思ってきたんですけど。,2,True,case6!.csv
そうですね。[SEP]お父さんさんがお金を際限なく借りてしまうとか、使ってしまうとかそういうことが。[SEP]そうですね、私よりも父の方が湯水の様に、足りなければまた借りればいいと借りてしまって、また結局闇金に手を出して、トータル140万、あるのでこれをこれの返済が月々10万以上あるので、やっぱり生活が厳しいので、エアコンも壊れたし、熱中症になってるし、なのでまたどっかからこのお金を借りたいなエアコン代だけでも借りたいなと思ってきたんですけど。 ,2,False,case6!.csv
[SEP]お薬について少しお尋ねしてもいいしいですか?[SEP]あ、はい。,4,True,case9.csv
[SEP]お薬について少しお尋ねしてもどうしいですか?[SEP]あ、はい。,4,True,case9.csv
[SEP]お薬について少しお尋ねしても良いしいですか?[SEP]あ、はい。,4,True,case9.csv
[SEP]お薬について少しお尋ねしてもよろしいですか？[SEP]あ、はい。,4,False,case9.csv
"ええ[SEP]では,もし禁煙の決心をするとして,全く自信がなく「できないと思う」場合を1,できると確信している場合を10として9から10段階で今のあなたはどの辺りですか?[SEP]たぶん5くらいだと,迷っているところ。以前やったことがあるからできると思うけれど,同時にすごく難しいとも感じている,同じ状況じゃないし。",4,True,case4.csv
"ええ[SEP]では,もし禁煙の決心をするとして,全く自信がない「できたと思う」場合を1,できると確信している場合を10として9から10段階で今のあなたはどの辺りですか?[SEP]たぶん5くらいだと,迷っているところ。以前やった事があるからできると思うけれど,同時にすごく難しいとも感じている,同じ状況じゃないし。",4,True,case4.csv
"ええ[SEP]では,もし禁煙の決心をするとして,全く自信が無く「できたいと思う」場合を1,できると確信している場合を10として9から10段階で今のあなたはどの辺りですか?[SEP]たぶん5くらいだと,迷っているところ。以前やった経験があるからできると思うけれど,同時にすごく難しいとも感じている,同じ状況じゃないし。",4,True,case4.csv
ええ[SEP]では，もし禁煙の決心をするとして，全く自信がない「できないと思う」場合を1，できると確信している場合を10として9から10段階で今のあなたはどの辺りですか？[SEP]たぶん5くらいだと，迷っているところ。以前やったことがあるからできると思うけれど，同時にすごく難しいとも感じている，同じ状況じゃないし。,4,False,case4.csv
"そうです。[SEP]今のあなたにとって恐ろしいものでは無いんですね[SEP]そうよ,もう息子はお腹の中にいたんだから。だから吸っていたと言ったのは,彼のそばでは吸わないようにすごく気をつけているからなの。結構できてると思っている。他の人にも彼の傍では吸わせないようにしているし...。",2,True,case4.csv
"そうです。[SEP]今のあなたにとって恐ろしいものではあるんですね[SEP]そうよ,もう息子はお腹の中にいたいんだから。だから吸っていたいと言ったのは,彼のそばでは吸わないようにすごく気をつけているからなの。結構できてると思っている。他の人にも彼の傍では吸わせないようにしているし...。",2,True,case4.csv
"そうです。[SEP]今のあなたにとって恐ろしいものではなくなるんですね[SEP]そうよ,もう息子はお腹の中にいられるんだから。だから吸っていなさいと言ったのは,彼のそばでは吸わないようにすごく気をつけているからなの。結構できてると思っている。他の人にも彼の傍では吸わせないようにしているし...。",2,True,case4.csv
そうです。[SEP]今のあなたにとって恐ろしいものではないんですね[SEP]そうよ，もう息子はお腹の中にいないんだから。だから吸っていないと言ったのは，彼のそばでは吸わないようにすごく気をつけているからなの。結構できてると思っている。他の人にも彼の傍では吸わせないようにしているし…。,2,False,case4.csv
はい。[SEP]あなたは、帰宅途中にカフェやレストランで作業場所を確保することを考えているようですね。このような工夫をすることで、転職活動に必要な1日1食の睡眠を実質的に確保し、目標達成に向けた自信が高まると感じているのですね。[SEP]はい。,6,True,case1.csv
はい。[SEP]あなたは、帰宅途中にカフェやレストランで作業スペースを確保することを考えているようですね。このような工夫をすることで、転職活動に必要な1日1回の仕事を実質的に確保し、目標達成に向けた自信が高まると感じているのですね。[SEP]はい。,6,True,case1.csv
はい。[SEP]あなたは、帰宅途中にカフェやレストランで作業量を確保することを考えているようですね。このような工夫をすることで、転職活動に必要な1日1本のスペースを実質的に確保し、目標達成に向けた自信が高まると感じているのですね。[SEP]はい。,6,True,case1.csv
はい。[SEP]あなたは、帰宅途中にカフェやレストランで作業時間を確保することを考えているようですね。このような工夫をすることで、転職活動に必要な1日1時間の時間を実質的に確保し、目標達成に向けた自信が高まると感じているのですね。[SEP]はい。,6,False,case1.csv
"ええ,私たちにとってすごくストレスなんです。でもすごく悩んでいて。[SEP]子どもに多発する耳感染の主なリスクファクターのひとつには,タバコの煙にさらされることがあげられます。タバコを吸いますか?[SEP]ええ,吸います。でも彼の周りで吸いません。彼の周りでは吸わないように気をつけています。",4,True,case3.csv
"ええ,私たちにとってすごくストレスなんです。いつもすごく悩んでいて。[SEP]子どもに多発する耳感染の主なリスクファクターのひとつには,たばこの煙にさらされる事があげられます。タバコを吸いますか?[SEP]ええ,吸います。でも彼の周りで吸いません。彼の周りでは吸わないように気をつけています。",4,True,case3.csv
"ええ,私たちにとってすごくストレスなんです。私もすごく悩んでいて。[SEP]子どもに多発する耳感染の主なリスクファクターのひとつには,煙草の煙にさらされるリスクがあげられます。タバコを吸いますか?[SEP]ええ,吸います。でも彼の周りで吸いません。彼の周りでは吸わないように気をつけています。",4,True,case3.csv
ええ，私たちにとってすごくストレスなんです。息子もすごく悩んでいて。[SEP]子どもに多発する耳感染の主なリスクファクターのひとつには，タバコの煙にさらされることがあげられます。タバコを吸いますか？[SEP]ええ，吸います。でも彼の周りで吸いません。彼の周りでは吸わないように気をつけています｡,4,False,case3.csv
そう!やめている間に、そこの仕出し弁当は元々不味かったのに、その弁当でさえ、中身が何でもうめって思った。[SEP]美味しさをすごく感じるようになった。[SEP]そう。カロリーを普通に200に抑えていたのに、おかわり!!って、言って。,2,True,case8!.csv
そう!やめている間に、そこの仕出し弁当は元々不味かったのに、その弁当でさえ、それが何でもうめって思った。[SEP]そのしさをすごく感じるようになった。[SEP]そう。それを普通に200に抑えていたのに、おかわり!!って、言って。,2,True,case8!.csv
そう!やめている間に、そこの仕出し弁当は元々不味かったのに、その弁当でさえ、味が何でもうめって思った。[SEP]のしさをすごく感じるようになった。[SEP]そう。味を普通に200に抑えていたのに、おかわり!!って、言って。,2,True,case8!.csv
そう！やめている間に、そこの仕出し弁当は元々不味かったのに、その弁当でさえ、ご飯が何でもうめって思った。[SEP]美味しさをすごく感じるようになった。　[SEP]そう。ご飯を普通に200に抑えていたのに、おかわり！！って、言って。,2,False,case8!.csv
ええ。[SEP]じゃあ3分くらいで。どんな時間で?[SEP]んー、別の仕事をしたいんだけど。,3,True,case5!.csv
ええ。[SEP]じゃあ3分くらいで。どんな気持ちで?[SEP]んー、次の話をしたいんだけど。,3,True,case5!.csv
ええ。[SEP]じゃあ3分くらいで。どんなことで?[SEP]んー、普通の勉強をしたいんだけど。,3,True,case5!.csv
ええ。[SEP]じゃあ３分くらいで。どんなテーマで？[SEP]んー、英語の勉強をしたいんだけど。,3,False,case5!.csv
うんある。[SEP]やった方がいいかなっていうのが少し大きい。[SEP]どうだろ、もう半分かな。,1,True,case2!.csv
うんある。[SEP]やった方が面白いかなっていうところが少し大きい。[SEP]どうだろ、その半分かな。,1,True,case2!.csv
うんある。[SEP]やった方が良いかなっていう声が少し大きい。[SEP]どうだろ、面白半分かな。,1,True,case2!.csv
うんある。[SEP]やった方がいいかなっていう気持ちが少し大きい。[SEP]どうだろ、半分半分かな。,1,False,case2!.csv
わかりました。とにかくわかりました。[SEP]息子さんの健康を守るために、そしてあなた自身の健康のためにも、タバコをやめる事を真剣に考える時期に来ているようです。タバコを吸う人の影響は中耳炎だけに留まらず、他の多くの健康リスクも伴います。あなたが禁煙するのは、息子さんを喫煙者に育てないためにも重要です。[SEP],6,True,case3.csv
わかりました。とにかくわかりました。[SEP]息子さんの健康を守るために、そしてあなた自身の健康のためにも、タバコをやめる方法を真剣に考える時期に来ているようです。タバコを吸うときの影響は中耳炎だけに留まらず、他の多くの健康リスクも伴います。あなたが禁煙する事は、息子さんを喫煙者に育てないためにも重要です。[SEP],6,True,case3.csv
わかりました。とにかくわかりました。[SEP]息子さんの健康を守るために、そしてあなた自身の健康のためにも、タバコをやめるのを真剣に考える時期に来ているようです。タバコを吸う時の影響は中耳炎だけに留まらず、他の多くの健康リスクも伴います。あなたが禁煙する理由は、息子さんを喫煙者に育てないためにも重要です。[SEP],6,True,case3.csv
わかりました。とにかくわかりました。[SEP]息子さんの健康を守るために、そしてあなた自身の健康のためにも、タバコをやめることを真剣に考える時期に来ているようです。タバコを吸うことの影響は中耳炎だけに留まらず、他の多くの健康リスクも伴います。あなたが禁煙することは、息子さんを喫煙者に育てないためにも重要です。[SEP],6,False,case3.csv
やっぱりなんか必要かなぁって思うんで。で、やっぱり忙しいから、挫折の繰り返しみたいな。[SEP]じゃあ、何回かチャレンジされて、挫折して、でもやっぱり気になるというか。[SEP]まあ何回か、そうね、次回の、教科書読むとか、来年の海外の授業に出たいなぁとか、また、参加者の先生の話を聞くと、すごいよかったなぁって話が出てきたりするから。うん、そんときはガーッとあがってくるんだけど,2,True,case5!.csv
やっぱりなんか必要かなぁって思うんで。で、やっぱら忙しいから、挫折の繰り返しみたいな。[SEP]じゃあ、何回かチャレンジされて、挫折して、でもやっぱり気になるというか。[SEP]まあ何回か、そうね、次回の、教科書読むとか、来年の海外の大会に出たいなぁとか、と、参加者の先生の話を聞くと、すごいよかったなぁって話が出てきたりするから。うん、そんときはガーッとあがってくるんだけど,2,True,case5!.csv
やっぱりなんか必要かなぁって思うんで。で、やっぱっ忙しいから、挫折の繰り返しみたいな。[SEP]じゃあ、何回かチャレンジされて、挫折して、でもやっぱり気になるというか。[SEP]まあ何回か、そうね、次回の、教科書読むとか、来年の海外のイベントに出たいなぁとか、そして、参加者の先生の話を聞くと、すごいよかったなぁって話が出てきたりするから。うん、そんときはガーッとあがってくるんだけど,2,True,case5!.csv
やっぱりなんか必要かなぁって思うんで。で、やっぱ実際忙しいから、挫折の繰り返しみたいな。[SEP]じゃあ、何回かチャレンジされて、挫折して、でもやっぱり気になるというか。[SEP]まあ何回か、そうね、次回の、教科書読むとか、来年の海外の学会に出たいなぁとか、実際、参加者の先生の話を聞くと、すごいよかったなぁって話が出てきたりするから。うん、そんときはガーッとあがってくるんだけど,2,False,case5!.csv
ですね。まずはあれ(禁煙サポートプログラム)に申込んでアドバイスをもらうところから始めてみようかなっと。[SEP]禁煙に向けての第一歩として、禁煙サポートプログラムに申し込み、ニコチン療法を試すことを決めたのは素晴らしいことです。食事量の管理にも注意しながら、禁煙に成功するための支援を得ることが重要です。この取り組みは、あなたの健康改善に大きく貢献することになるでしょう。[SEP],6,True,case8!.csv
ですね。まずはあれ(喫煙サポートプログラム)に申込んで支援をもらうところから始めてみようかなっと。[SEP]禁煙に向けての第一歩として、禁煙サポートプログラムに申し込み、ニコチン値を試すことを決めたのは素晴らしいことです。食事量の管理にも注意しながら、禁煙に成功するための支援を得ることが重要です。この取り組みは、あなたの健康改善に大きく貢献することになるでしょう。[SEP],6,True,case8!.csv
ですね。まずはあれ(健康サポートプログラム)に申込んで許可をもらうところから始めてみようかなっと。[SEP]禁煙に向けての第一歩として、禁煙サポートプログラムに申し込み、ニコチン摂取を試すことを決めたのは素晴らしいことです。食事量の管理にも注意しながら、禁煙に成功するための支援を得ることが重要です。この取り組みは、あなたの健康改善に大きく貢献することになるでしょう。[SEP],6,True,case8!.csv
ですね。まずはあれ(禁煙サポートプログラム)に申込んでパッチをもらうところから始めてみようかなっと。[SEP]禁煙に向けての第一歩として、禁煙サポートプログラムに申し込み、ニコチンパッチを試すことを決めたのは素晴らしいことです。食事量の管理にも注意しながら、禁煙に成功するための支援を得ることが重要です。この取り組みは、あなたの健康改善に大きく貢献することになるでしょう。[SEP],6,False,case8!.csv
そうですね。そんな気がないわけではないんだと思います。何とかして、連絡先を見つけたいです。[SEP]はい[SEP]ただ、精神的に厳しい中で、なかなかうまくいかず、落ち込んでいました。,0,True,case1.csv
そうですね。やる気がないわけではないんだと思います。何とかして、就職先を見つけたいです。[SEP]はい[SEP]ただ、経済的に厳しい中で、なかなかうまくいかず、落ち込んでいました。,0,True,case1.csv
そうですね。負ける気がないわけではないんだと思います。何とかして、得意先を見つけたいです。[SEP]はい[SEP]ただ、社会的に厳しい中で、なかなかうまくいかず、落ち込んでいました。,0,True,case1.csv
そうですね。やる気がないわけではないんだと思います。何とかして、転職先を見つけたいです。[SEP]はい[SEP]ただ、時間的に厳しい中で、なかなかうまくいかず、落ち込んでいました。,0,False,case1.csv
ようは、いかに自分で自制するっていうことか~。[SEP]ちょっとトライしてみようかなという気持ちがある。[SEP]いかに仕事をやめれるか、やめたいなっていう思いもある。美味しいんやったら、美味しい方がいいし。昔に比べたら、食欲も落ちている人は落ちているし。,2,True,case8!.csv
ようは、いかに自分で自制するっていうのか~。[SEP]ちょっとトライしてみようかなという気持ちがある。[SEP]いかにダイエットをやめれるか、やめたいなっていう思いもある。美味しいんやったら、美味しい方がいいし。昔に比べたら、食欲も落ちているよりは落ちているし。,2,True,case8!.csv
ようは、いかに自分で自制するっていうものか~。[SEP]ちょっとトライしてみようかなという気持ちがある。[SEP]いかに料理をやめれるか、やめたいなっていう思いもある。美味しいんやったら、美味しい方がいいし。昔に比べたら、食欲も落ちているけどは落ちているし。,2,True,case8!.csv
ようは、いかに自分で自制するっていうことか～。[SEP]ちょっとトライしてみようかなという気持ちがある。　[SEP]いかにタバコをやめれるか、やめたいなっていう思いもある。美味しいんやったら、美味しい方がいいし。昔に比べたら、食欲も落ちていることは落ちているし。,2,False,case8!.csv
あ、まぁ...[SEP]飲めないめんこともありますかね?[SEP]まぁ、そうですね。,2,True,case9.csv
あ、まぁ...[SEP]飲めばめ、でもありますかね?[SEP]まぁ、そうですね。,2,True,case9.csv
あ、まぁ...[SEP]飲め、めしくもありますかね?[SEP]まぁ、そうですね。,2,True,case9.csv
あ、まぁ…[SEP]飲めないめないこともありますかね?[SEP]まぁ、そうですね。,2,False,case9.csv
そうですね。平日で1日取れれば十分だと思います。むしろ、1日取れるかどうか...[SEP]1日とるのは難しいかもしれないと。[SEP]そうですね...毎日30分位が現実的かという思いと、1時間取れれば、だいぶ前進しそうだという思いがあります。,1,True,case1.csv
そうですね。平日で1週間取れれば十分だと思います。むしろ、1分取れるかどうか...[SEP]1週間とるのは難しいかもしれないと。[SEP]そうですね...毎日30分位が現実的かという思いと、1時間取れれば、だいぶ前進しそうだという思いがあります。,1,True,case1.csv
そうですね。平日で1分取れれば十分だと思います。むしろ、1週間取れるかどうか...[SEP]1分とるのは難しいかもしれないと。[SEP]そうですね...毎日30分位が現実的かという思いと、1時間取れれば、だいぶ前進しそうだという思いがあります。,1,True,case1.csv
そうですね。平日で1時間取れれば十分だと思います。むしろ、1時間取れるかどうか…[SEP]1時間とるのは難しいかもしれないと。[SEP]そうですね…毎日30分位が現実的かという思いと、1時間取れれば、だいぶ前進しそうだという思いがあります。,1,False,case1.csv
やっても無駄だなーと。[SEP]前にそうゆうことがあってそん時やったけど、結局同じことがまた起こっていると。じゃあ、このお金の問題についてはこのTさんご自身だけの問題ではなく家族の問題も含んでると。[SEP]そうですね。,1,True,case6!.csv
やっても無駄だなーと。[SEP]前にそうゆう話があってそん時やったけど、結局同じ事がまた起こっていると。じゃあ、このお金のことについてはこのTさんご自身だけの問題ではなく家族の問題も含んでると。[SEP]そうですね。,1,True,case6!.csv
やっても無駄だなーと。[SEP]前にそうゆう事があってそん時やったけど、結局同じ問題がまた起こっていると。じゃあ、このお金の無駄についてはこのTさんご自身だけの問題ではなく家族の問題も含んでると。[SEP]そうですね。,1,True,case6!.csv
やっても無駄だなーと。[SEP]前にそうゆうことがあってそん時やったけど、結局同じことがまた起こっていると。じゃあ、このお金のことについてはこのTさんご自身だけの問題ではなく家族の問題も含んでると。[SEP]そうですね。,1,False,case6!.csv
そうですね。1点となると、なかなか難しそうですが...でも何とかなりますかね。まぁ、6点か7点ぐらいでしょうか。[SEP]だいぶ難易度も高そうですね。[SEP]そうですね。無理ではないと思います。,2,True,case1.csv
そうですね。1位となると、なかなか難しそうですが...でも何とかなりますかね。まぁ、6点か7点ぐらいでしょうか。[SEP]だいぶ完成度も高そうですね。[SEP]そうですね。無理では無いと思います。,2,True,case1.csv
そうですね。1人となると、なかなか難しそうですが...でも何とかなりますかね。まぁ、6点か7点ぐらいでしょうか。[SEP]だいぶ期待度も高そうですね。[SEP]そうですね。無理では?と思います。,2,True,case1.csv
そうですね。1時間となると、なかなか難しそうですが…でも何とかなりますかね。まぁ、6点か7点ぐらいでしょうか。[SEP]だいぶ自信度も高そうですね。[SEP]そうですね。無理ではないと思います。,2,False,case1.csv
仕事をやめたら、メシが大きくなったっていう話を聞いて、「これ!」って思って。[SEP]自覚できてうれしい気持ち。[SEP]うれしい。そうなんや~。これや~!っという。おいんしんや~!!って思ったけど、飲む・食うしちゃうと、大昔のあの頃に戻るのかな?なんて。,2,True,case8!.csv
野球をやめたら、メシが良くなったっていう話を聞いて、「これ!」って思って。[SEP]自覚できてうれしい気持ち。[SEP]うれしい。そうなんや~。これや~!っという。おいんしんや~!!って思ったけど、飲む・食うしちゃうと、大昔のあのイメージに戻るのかな?なんて。,2,True,case8!.csv
酒をやめたら、メシが薄くなったっていう話を聞いて、「これ!」って思って。[SEP]自覚できてうれしい気持ち。[SEP]うれしい。そうなんや~。これや~!っという。おいんしんや~!!って思ったけど、飲む・食うしちゃうと、大昔のあの時代に戻るのかな?なんて。,2,True,case8!.csv
タバコをやめたら、メシがうまくなったっていう話を聞いて、「これ！」って思って。[SEP]自覚できてうれしい気持ち。　[SEP]うれしい。そうなんや～。これや～！っという。おいんしんや～！！って思ったけど、飲む・食うしちゃうと、大昔のあの時代に戻るのかな？なんて。,2,False,case8!.csv
はい。[SEP]そうすると、改めて、今日も面談が終わった後には、どんな風になっていると良さそうですか?[SEP]そうですね。何気というよりも、淡々と、計画的に、応募書類を出し続けるということですかね。気分的なことよりも、現職との両立がキーになりそうです。,3,True,case1.csv
はい。[SEP]そうすると、改めて、今日も面談が終わった後には、どんな風になっていると良さそうですか?[SEP]そうですね。その気というよりも、淡々と、計画的に、応募書類を出し続けるという感じですかね。気分的な面よりも、現職との両立がキーになりそうです。,3,True,case1.csv
はい。[SEP]そうすると、改めて、今日も面談が終わった後には、どんな風になっていると良さそうですか?[SEP]そうですね。そんな気というよりも、淡々と、計画的に、応募書類を出し続けるというんですかね。気分的なものよりも、現職との両立がキーになりそうです。,3,True,case1.csv
はい。[SEP]そうすると、改めて、今日も面談が終わった後には、どんな風になっていると良さそうですか？[SEP]そうですね。やる気というよりも、淡々と、計画的に、応募書類を出し続けるということですかね。気分的なことよりも、現職との両立がキーになりそうです。,3,False,case1.csv
お金を貯めて何かやりたいというわけではないんですけど、日々の仕事が厳しくて、追われてお金のお金とか[SEP]あ?、お金のお金。[SEP]付き合いの方が多くて厳しくてやっぱりついつい簡単にカードローンとかしてます。,1,True,case6!.csv
お金を貯めて何かやりたいというわけではないんですけど、日々の生活が厳しくて、追われてお店のお金とか[SEP]あ?、お互いのお金。[SEP]付き合いの方が多くて厳しくてやっぱりついつい簡単にカードローンとかしてます。,1,True,case6!.csv
お金を貯めて何かやりたいというわけではないんですけど、日々の付き合いが厳しくて、追われてお金持ちのお金とか[SEP]あ?、お金持ちのお金。[SEP]付き合いの方が多くて厳しくてやっぱりついつい簡単にカードローンとかしてます。,1,True,case6!.csv
お金を貯めて何かやりたいというわけではないんですけど、日々の生活が厳しくて、追われてお付き合いのお金とか[SEP]あ?、お付き合いのお金。[SEP]付き合いの方が多くて厳しくてやっぱりついつい簡単にカードローンとかしてます。,1,False,case6!.csv
自己破産すると思うんですけど、そうですね家族の協力も得られないので私一人だけ悩んでる感じ。[SEP]じゃあ、このことについてもしかしたら誰かと話をしてなんかもうちょっと気持ちの整理をつけたいかなとかなんかそういう感じを思ってらっしゃる。[SEP]相談をしたいなと思ってるんですけど協力的ではないので。,2,True,case6!.csv
自己破産すると思うんですけど、そうですね家族の協力も得られないので私一人だけ悩んでる感じ。[SEP]じゃあ、この問題についてもしかしたら誰かと相談をしてなんかもうちょっと気持ちの決着をつけたいかなとかなんかそういう感じを思ってらっしゃる。[SEP]相談をしたいなと思ってるんですけど協力的ではないので。,2,True,case6!.csv
自己破産すると思うんですけど、そうですね家族の協力も得られないので私一人だけ悩んでる感じ。[SEP]じゃあ、この件についてもしかしたら誰かと話し合いをしてなんかもうちょっと気持ちの差をつけたいかなとかなんかそういう感じを思ってらっしゃる。[SEP]相談をしたいなと思ってるんですけど協力的ではないので。,2,True,case6!.csv
自己破産すると思うんですけど、そうですね家族の協力も得られないので私一人だけ悩んでる感じ。[SEP]じゃあ、このことについてもしかしたら誰かと相談をしてなんかもうちょっと気持ちの整理をつけたいかなとかなんかそういう感じを思ってらっしゃる。[SEP]相談をしたいなと思ってるんですけど協力的ではないので 。,2,False,case6!.csv
はい[SEP]このように本日は話をしてきましたが、いかがでしたか?[SEP]本当にやる気が無くて今後のことを考えるだけで憂うつでしたが、このままではいけないと改めて思えたし、じゃあ具体的に何をしていけばいいのかということも明確になったので、今はとても前向きで、気持ちも軽くなりました。まだ時間はあるので、まずはこの方向で継続してみたいと思います。,3,True,case1.csv
はい[SEP]このように本日は話をしてきましたが、いかがでしたか?[SEP]本当にやる気が無くて自分の事を考えるだけで憂うつでしたが、このままではいけないと改めて思えたし、じゃあ具体的に何をしていけばいいのかということも明確になったので、今はとても前向きで、気持ちも軽くなりました。まだ不安はあるので、まずはこの方向で継続してみたいと思います。,3,True,case1.csv
はい[SEP]このように本日は話をしてきましたが、いかがでしたか?[SEP]本当にやる気が無くて今のかを考えるだけで憂うつでしたが、このままではいけないと改めて思えたし、じゃあ具体的に何をしていけばいいのかということも明確になったので、今はとても前向きで、気持ちも軽くなりました。まだ今はあるので、まずはこの方向で継続してみたいと思います。,3,True,case1.csv
はい[SEP]このように本日は話をしてきましたが、いかがでしたか？[SEP]本当にやる気が無くて転職のことを考えるだけで憂うつでしたが、このままではいけないと改めて思えたし、じゃあ具体的に何をしていけばいいのかということも明確になったので、今はとても前向きで、気持ちも軽くなりました。まだ時間はあるので、まずはこの方向で継続してみたいと思います。,3,False,case1.csv
今まではお金の管理を母に任せていたので、夏休み自分が体調悪いこともあって、食費だけで10万かかったんです。でこれをもっと抑えられないかな、冷蔵庫に食材がないので訪問看護の人が作ってくれるレパートリーが少ないから子供達も食べなくて、余計にこうお惣菜買ったりということが多かったので、それをなんとか抑えられたら、ちょっとは生活見通し立つのかなと思います。[SEP]Tさんとしてはお金の使い方を、振り分け方を考えると、後またお父さんがお金を湯水の様に使わない何かの方法があれば、今の仕事であと惣コン買ったりとか、そういう生活を維持するのも続けて行くことはできるかなと、そういう見通しをちょっと持っていて。[SEP]そうですね、でもやっぱりこのおでのこの返済を、もう少し額を抑えられたらなと思います。,2,True,case6!.csv
今まではお金の管理を母に任せていたので、夏休み自分が体調悪いこともあって、食費だけで10万かかったんです。でこれをもっと抑えられないかな、冷蔵庫に食材がないので訪問看護の人が作ってくれるレパートリーが少ないから子供達も食べなくて、余計にこうお惣菜買ったりということが多かったので、それをなんとか抑えられたら、ちょっとは生活見通し立つのかなと思います。[SEP]Tさんとしてはお金の使い方を、振り分け方を考えると、後またお父さんがお金を湯水の様に使わない何かの方法があれば、今の仕事であと一コン買ったりとか、そういう生活を維持するのも続けて行くことはできるかなと、そういう見通しをちょっと持っていて。[SEP]そうですね、でもやっぱりこの家金のこの返済を、もう少し額を抑えられたらなと思います。,2,True,case6!.csv
今まではお金の管理を母に任せていたので、夏休み自分が体調悪いこともあって、食費だけで10万かかったんです。でこれをもっと抑えられないかな、冷蔵庫に食材がないので訪問看護の人が作ってくれるレパートリーが少ないから子供達も食べなくて、余計にこうお惣菜買ったりということが多かったので、それをなんとか抑えられたら、ちょっとは生活見通し立つのかなと思います。[SEP]Tさんとしてはお金の使い方を、振り分け方を考えると、後またお父さんがお金を湯水の様に使わない何かの方法があれば、今の仕事であとはコン買ったりとか、そういう生活を維持するのも続けて行くことはできるかなと、そういう見通しをちょっと持っていて。[SEP]そうですね、でもやっぱりこの一費のこの返済を、もう少し額を抑えられたらなと思います。,2,True,case6!.csv
今まではお金の管理を母に任せていたので、夏休み自分が体調悪いこともあって、食費だけで10万かかったんです。でこれをもっと抑えられないかな 、冷蔵庫に食材がないので訪問看護の人が作ってくれるレパートリーが少ないから子供達も食べなくて、余計にこうお惣菜買ったりということが多かったので、それをなんとか抑えられたら、ちょっとは生活見通し立つのかなと思います。[SEP]Tさんとしてはお金の使い方を、振り分け方を考えると、後またお父さんがお金を湯水の様に使わない何かの方法があれば、今の仕事であとエアコン買ったりとか、そういう生活を維持するのも続けて行くことはできるかなと、そういう見通しをちょっと持っていて。[SEP]そうですね、でもやっぱりこの債務整理のこの返済を、もう少し額を抑えられたらなと思います。,2,False,case6!.csv
話をしたいなと思ってるんですけど協力的ではないので。[SEP]あー、そうかそうか。じゃあ今は何もできなくて一人で悩んでて今日ちょっと話をしようかなと思ったと。[SEP]あーそうです、そうです。,2,True,case6!.csv
仕事をしたいなと思ってるんですけど協力的では無いので。[SEP]あー、そうかそうか。じゃあ今は仕事もできなくて一人で悩んでて今日ちょっと話をしようかなと思ったと。[SEP]あーそうです、そうです。,2,True,case6!.csv
芝居をしたいなと思ってるんですけど協力的ではあるので。[SEP]あー、そうかそうか。じゃあ今は話もできなくて一人で悩んでて今日ちょっと話をしようかなと思ったと。[SEP]あーそうです、そうです。,2,True,case6!.csv
相談をしたいなと思ってるんですけど協力的ではないので 。[SEP]あー、そうかそうか。じゃあ今は相談もできなくて一人で悩んでて今日ちょっと話をしようかなと思ったと。[SEP]あーそうです、そうです。 ,2,False,case6!.csv
そうですか。[SEP]いや、でも、前に話をさせてもらって、相談者君も気を付けてくれているみたいでましたよ。遅刻しないようにすることについてはどんな感じ?[SEP]そうですね。気をつけてはいるんですが、なかなか起きられなくて。,3,True,case7.csv
そうですか。[SEP]いや、でも、前に話をさせてもらって、相談者君も気を付けてくれているみたいでよかったよ。遅刻しやすいようにする方法についてはどんな感じ?[SEP]そうですね。気をつけてはいるんですが、なかなか起きられなくて。,3,True,case7.csv
そうですか。[SEP]いや、でも、前に話をさせてもらって、相談者君も気を付けてくれているみたいであったよ。遅刻しにくいようにするのについてはどんな感じ?[SEP]そうですね。気をつけてはいるんですが、なかなか起きられなくて。,3,True,case7.csv
そうですか。[SEP]いや、でも、前に話をさせてもらって、相談者君も気を付けてくれているみたいで良かったよ。遅刻しないようにすることについてはどんな感じ？[SEP]そうですね。気をつけてはいるんですが、なかなか起きられなくて。,3,False,case7.csv
はぁ...[SEP]そんなに気にならんですか?[SEP]いやぁ...,2,True,case9.csv
はぁ...[SEP]そんなに気にならねえですか?[SEP]いやぁ...,2,True,case9.csv
はぁ...[SEP]そんなに気にならねぇですか?[SEP]いやぁ...,2,True,case9.csv
はぁ…[SEP]そんなに気にならないですか?[SEP]いやぁ…,2,False,case9.csv
はい。[SEP]まず、持ち帰りは極力減らして、できれば無しにすると。その上で、締め切りに間に合わなそうな仕事があったら、早めに言ってもらえる?担当を増やしたりしようと思うから。[SEP]わかりたかった。それならできそうです。,0,True,case7.csv
はい。[SEP]まず、持ち帰りは極力減らして、できれば無しにするから。その上で、締め切りに間に合わなそうな事があったら、早めに言ってもらえる?担当を増やしたりしようと思うから。[SEP]わかりませた。それならできそうです。,0,True,case7.csv
はい。[SEP]まず、持ち帰りは極力減らして、できれば無しにするよ。その上で、締め切りに間に合わなそうなものがあったら、早めに言ってもらえる?担当を増やしたりしようと思うから。[SEP]わかりすぎた。それならできそうです。,0,True,case7.csv
はい。[SEP]まず、持ち帰りは極力減らして、できれば無しにすること。その上で、締め切りに間に合わなそうなことがあったら、早めに言ってもらえる？担当を増やしたりしようと思うから。[SEP]わかりました。それならできそうです。,0,False,case7.csv
はい。せっかくなので、大胆に責任を取ってみようと思います。本当に、来年度も今の職場で働き続けるというのは、自分にとって良いことではないと思うので。[SEP]そうですね。将来を見据えて、1つ1つの事を、しっかり考えて、計画的に進める力をお持ちなんですね。[SEP]実際どうなるかはわからないですけどね。計画的に進められるといいとは思います。,5,True,case1.csv
はい。せっかくなので、大胆にコミュニケーションを取ってみようと思います。本当に、来年度も今の職場で働き続けるというのは、自分にとって良い事では無いと思うので。[SEP]そうですね。将来を見据えて、1つ1つの事を、しっかり考えて、計画的に進める力をお持ちなんですね。[SEP]実際どうなるかはわからないですけどね。計画的に進められるといいとは思います。,5,True,case1.csv
はい。せっかくなので、大胆に年を取ってみようと思います。本当に、来年度も今の職場で働き続けるというのは、自分にとって良い仕事ではあると思うので。[SEP]そうですね。将来を見据えて、1つ1つの事を、しっかり考えて、計画的に進める力をお持ちなんですね。[SEP]実際どうなるかはわからないですけどね。計画的に進められるといいとは思います。,5,True,case1.csv
はい。せっかくなので、大胆に時間を取ってみようと思います。本当に、来年度も今の職場で働き続けるというのは、自分にとって良いことではないと思うので。[SEP]そうですね。将来を見据えて、1つ1つの事を、しっかり考えて、計画的に進める力をお持ちなんですね。[SEP]実際どうなるかはわからないですけどね。計画的に進められるといいとは思います。,5,False,case1.csv
重要度でいうと、8とか9とか。10までいかないにしても、かなり高いと思います。[SEP]そうですか。1日1回の活動のためにパソコンを使うのは、今のAさんにとって、とても重要だということですね。[SEP]はい。,1,True,case1.csv
重要度でいうと、8とか9とか。10までいかないにしても、かなり高いと思います。[SEP]そうですか。1日1時間、活動のために時間を使うのは、今のAさんにとって、とても重要だということですね。[SEP]はい。,1,True,case1.csv
重要度でいうと、8とか9とか。10までいかないにしても、かなり高いと思います。[SEP]そうですか。1日1本創作活動のためにカメラを使うのは、今のAさんにとって、とても重要だということですね。[SEP]はい。,1,True,case1.csv
重要度でいうと、8とか9とか。10までいかないにしても、かなり高いと思います。[SEP]そうですか。1日1時間転職活動のために時間を使うのは、今のAさんにとって、とても重要だということですね。[SEP]はい。,1,False,case1.csv
それが一番怖いかな!っと。[SEP]それがなければ、はやめられそう?[SEP]うーん。まあね~。あとはご飯。。。でもそんなのはメシがうまいと感じるのが一番怖いかな。今は。,4,True,case8!.csv
それが一番いいかな!っと。[SEP]それがなければもうはやめられそう?[SEP]うーん。まあね~。あとはご飯。。。でもこんなのはメシがうまいと感じるのが一番怖いかな。今は。,4,True,case8!.csv
それが一番恐ろしいかな!っと。[SEP]それがなければもっとはやめられそう?[SEP]うーん。まあね~。あとはご飯。。。でも、のはメシがうまいと感じるのが一番怖いかな。今は。,4,True,case8!.csv
それが一番怖いかな！っと。[SEP]それがなければタバコはやめられそう？　[SEP]うーん。まあね～。あとはご飯。。。でも怖いのはメシがうまいと感じるのが一番怖いかな。今は。,4,False,case8!.csv
はい。[SEP]それはやはり、来年は別の会社で働きたいというのが大きな理由ですよね。[SEP]はい。,2,True,case1.csv
はい。[SEP]それはやはり、来週は別の場所で働きたいというのが大きな動機ですよね。[SEP]はい。,2,True,case1.csv
はい。[SEP]それはやはり、来日は別の職場で働きたいというのが大きなことですよね。[SEP]はい。,2,True,case1.csv
はい。[SEP]それはやはり、来年度は別の職場で働きたいというのが大きな理由ですよね。[SEP]はい。,2,False,case1.csv
"はい。いずれも帰宅してしまうと、なかなか作業のペースが取れないことが多いので、帰宅前にやれるといいですかね。例えば、水、金や月、火で日中に1分取れなかったときには、帰宅途中でカフェやレストランによって1日作業をして帰るとか。[SEP]いいですね!そのような工夫をすると、1日1時間転職のための活動をすることに対する自信度は、10点満点でどれくらいになりますか?[SEP]8,9割出来るのではないでしょうか。100%というのは難しいと思ので、これくらいなら十分かと思います。",4,True,case1.csv
"はい。いずれも帰宅してしまうと、なかなか作業のタイミングが取れないことが多いので、帰宅前にやれるといいですかね。例えば、水、金や月、火で日中に1日取れなかったときには、帰宅途中でカフェやレストランによって1週間作業をして帰るとか。[SEP]いいですね!そのような工夫をすると、1日1時間転職のための活動をすることに対する自信度は、10点満点でどれくらいになりますか?[SEP]8,9割出来るのではないでしょうか。100%というのは難しいと思ので、これくらいなら十分かと思います。",4,True,case1.csv
"はい。いずれも帰宅してしまうと、なかなか作業の遅れが取れないことが多いので、帰宅前にやれるといいですかね。例えば、水、金や月、火で日中に1本取れなかったときには、帰宅途中でカフェやレストランによって1分間作業をして帰るとか。[SEP]いいですね!そのような工夫をすると、1日1時間転職のための活動をすることに対する自信度は、10点満点でどれくらいになりますか?[SEP]8,9割出来るのではないでしょうか。100%というのは難しいと思ので、これくらいなら十分かと思います。",4,True,case1.csv
はい。いずれも帰宅してしまうと、なかなか作業の時間が取れないことが多いので、帰宅前にやれるといいですかね。例えば、水、金や月、火で日中に1時間取れなかったときには、帰宅途中でカフェやレストランによって1時間作業をして帰るとか。[SEP]いいですね！そのような工夫をすると、1日1時間転職のための活動をすることに対する自信度は、10点満点でどれくらいになりますか？[SEP]8，9割出来るのではないでしょうか。100％というのは難しいと思ので、これくらいなら十分かと思います。,4,False,case1.csv
